,unit,ts,qty,geography_level,geography,product_level,product
0,b035f859cf03840b75abd80dc1cf3e94,2021-03-01,0,geography_level_3,e77f818445598d8b37ebda4c72645900,product_level_2,b04c1602cb78c1c4cf72dd7c0ce7d837
1,828ac2ac9ea800ea61e6c0bf0da57a6f,2021-03-01,0,geography_level_3,f05fa82955925441f3a4c9d7092fa5f5,product_level_2,b04c1602cb78c1c4cf72dd7c0ce7d837
2,86fec8ee07c5cf36f259fae08bf1bd14,2021-03-01,53,geography_level_3,cfcb575b4a1fc05255ef88307ffbeaa9,product_level_2,be55b932f63b0feda2a190154290d4aa
3,52146622c33726498164d83c10307c01,2021-03-01,15,geography_level_3,e77f818445598d8b37ebda4c72645900,product_level_2,be55b932f63b0feda2a190154290d4aa
4,ccd0f768f7a21a7fd3530fa0711f2fb1,2021-03-01,3,geography_level_3,cfcb575b4a1fc05255ef88307ffbeaa9,product_level_2,b04c1602cb78c1c4cf72dd7c0ce7d837
5,cb853a6f677db7201ebe326ee55a114b,2021-03-01,0,geography_level_3,f05fa82955925441f3a4c9d7092fa5f5,product_level_2,be55b932f63b0feda2a190154290d4aa
6,5440f09ff5b124a9ac61f2a950c1d31a,2021-03-01,45,geography_level_3,0b41e006d801550cba4c38157729bf87,product_level_2,ba569a9ecbaa99645f9baf060d5061e7
7,85d4470a73f889084197ba909b8d86a7,2021-03-01,246,geography_level_3,f05fa82955925441f3a4c9d7092fa5f5,product_level_2,be55b932f63b0feda2a190154290d4aa
8,12f892a6de3f9cf4411fb9db4fdd6691,2021-03-01,2,geography_level_3,f970e15b948f3259a5a7feeae1565e1b,product_level_2,93a97f63f0a573483d49c58dc02c1341
9,eafcb0368228f27889a04aca6a7fc3bd,2021-03-01,52,geography_level_3,e77875a9e01c74e943c9ed3c346d1034,product_level_2,814119e4a116199cf494768f31987158
10,621467fbc1c50559587e78d9d77fda38,2021-03-01,393,geography_level_3,e77875a9e01c74e943c9ed3c346d1034,product_level_2,3241cf89eaf210f13321fe6280c7d172
12,d41414fd2e70a27c4ee3b497852d5519,2021-03-01,984,geography_level_3,e77875a9e01c74e943c9ed3c346d1034,product_level_2,45fe7a01980958e559fa0473c20c8c58
13,79baf84bb72b22286e49377f8800db66,2021-03-01,6370,geography_level_3,e77875a9e01c74e943c9ed3c346d1034,product_level_2,6c46c9c5d3ef936b4c8d6d8f9851e837
14,a5363f80577076d31b6204ec2b86ab48,2021-03-01,2477,geography_level_3,e77875a9e01c74e943c9ed3c346d1034,product_level_2,93a97f63f0a573483d49c58dc02c1341
15,e86fedd300da736928854eab3fde9061,2021-03-01,420,geography_level_3,e77875a9e01c74e943c9ed3c346d1034,product_level_2,579cf4cbf3d63c78deffc623c0de643f
16,df8398246cee4979032d6630bcfa5058,2021-03-01,335,geography_level_3,e77875a9e01c74e943c9ed3c346d1034,product_level_2,ba569a9ecbaa99645f9baf060d5061e7
18,159cb1b7310e185dedda75e02d75344c,2021-03-01,33,geography_level_3,e77875a9e01c74e943c9ed3c346d1034,product_level_2,93a97f63f0a573483d49c58dc02c1341
19,42405e58e141c4e12e9eafacf7faa33e,2021-03-01,1,geography_level_3,e77875a9e01c74e943c9ed3c346d1034,product_level_2,579cf4cbf3d63c78deffc623c0de643f
22,5c16ce86b96a5a03730a1d0ea550554b,2021-03-01,86,geography_level_3,39a8345be72b8ff2f30e29dc836d7e12,product_level_2,814119e4a116199cf494768f31987158
25,47d8bb6097185276294e92bea842be3a,2021-03-01,71,geography_level_3,ac17865ba94b6a06b53466188fc4e446,product_level_2,814119e4a116199cf494768f31987158
27,838a822f49120b32af6ef7a3edf728ae,2021-03-01,2,geography_level_3,364ee4866c1e0b8c66a5c82e52d49a41,product_level_2,814119e4a116199cf494768f31987158
28,e0bb0f05aa6823bddee312429820c1dc,2021-03-01,149,geography_level_3,364ee4866c1e0b8c66a5c82e52d49a41,product_level_2,1807ffa2c1c84035f4346c3364104dd1
30,8538f16d61c9a7e113fc4e7748b115ed,2021-03-01,1287,geography_level_3,364ee4866c1e0b8c66a5c82e52d49a41,product_level_2,6c46c9c5d3ef936b4c8d6d8f9851e837
31,fbebd4b0a117dc44d58478cf9f87a08c,2021-03-01,1741,geography_level_3,364ee4866c1e0b8c66a5c82e52d49a41,product_level_2,93a97f63f0a573483d49c58dc02c1341
34,744c7c7bba99e8de93fcda523bc849b0,2021-03-01,84,geography_level_3,364ee4866c1e0b8c66a5c82e52d49a41,product_level_2,ba569a9ecbaa99645f9baf060d5061e7
35,8c12bcd7914a074400cb2d54fb24c360,2021-03-01,0,geography_level_3,638740660afce16701f96984d44233b4,product_level_2,45fe7a01980958e559fa0473c20c8c58
36,122364cb3a042086d9509cb2a1386443,2021-03-01,2055,geography_level_3,36ab7b000da26b0547bfc3c3fdf143dc,product_level_2,db9e166331f89037c1b3590adfaa18d4
39,fe44ecc1b69af78d9f127ef083586d3e,2021-03-01,3414,geography_level_3,f05fa82955925441f3a4c9d7092fa5f5,product_level_2,93a97f63f0a573483d49c58dc02c1341
40,232ec3966a318969eec46ad5647da2f8,2021-03-01,485,geography_level_3,f05fa82955925441f3a4c9d7092fa5f5,product_level_2,579cf4cbf3d63c78deffc623c0de643f
41,42330433f2befb34447db75b3b1f45cf,2021-03-01,778,geography_level_3,f05fa82955925441f3a4c9d7092fa5f5,product_level_2,ba569a9ecbaa99645f9baf060d5061e7
42,79b1c088968868bd54901b6317416c74,2021-03-01,80,geography_level_3,b55d6f976871ef58e585e8c25f3689e7,product_level_2,3241cf89eaf210f13321fe6280c7d172
47,a31b6fc53d57419631077bbfe4b241ba,2021-03-01,707,geography_level_3,b55d6f976871ef58e585e8c25f3689e7,product_level_2,6c46c9c5d3ef936b4c8d6d8f9851e837
48,8a54612bdaf867b47ca31e7ecc225021,2021-03-01,1394,geography_level_3,b55d6f976871ef58e585e8c25f3689e7,product_level_2,93a97f63f0a573483d49c58dc02c1341
51,9ee3a6ae28ad1b10a136eb4dfc9fcb99,2021-03-01,308,geography_level_3,5f82497e6ba74177eacda9f48d2ebb8f,product_level_2,814119e4a116199cf494768f31987158
52,37415d2db05b0e66afd103ce752b4231,2021-03-01,165,geography_level_3,5f82497e6ba74177eacda9f48d2ebb8f,product_level_2,450a7d37ed3260ce3e9ea79cc40f11a5
53,531c05467dd6e6a5e0e4e30974668539,2021-03-01,1734,geography_level_3,5f82497e6ba74177eacda9f48d2ebb8f,product_level_2,db9e166331f89037c1b3590adfaa18d4
56,22d5d4d6e9b6772911a93642be9ca5d6,2021-03-01,254,geography_level_3,a8047d24376e2ce5c62663d435629812,product_level_2,450a7d37ed3260ce3e9ea79cc40f11a5
57,e765c2a1026a46ccfebc4dad578fbbbc,2021-03-01,957,geography_level_3,a8047d24376e2ce5c62663d435629812,product_level_2,db9e166331f89037c1b3590adfaa18d4
58,e6716a985cebd12689c787cb580ebcb0,2021-03-01,445,geography_level_3,a8047d24376e2ce5c62663d435629812,product_level_2,579cf4cbf3d63c78deffc623c0de643f
59,d8bd2310fc6903339591e4e90c1a1204,2021-03-01,766,geography_level_3,36ab7b000da26b0547bfc3c3fdf143dc,product_level_2,814119e4a116199cf494768f31987158
61,4ea2ddd9f0d81edc713699960a32c18b,2021-03-01,470,geography_level_3,36ab7b000da26b0547bfc3c3fdf143dc,product_level_2,450a7d37ed3260ce3e9ea79cc40f11a5
62,85020b99f49c91cd257639acd84c4910,2021-03-01,279,geography_level_3,36ab7b000da26b0547bfc3c3fdf143dc,product_level_2,6c46c9c5d3ef936b4c8d6d8f9851e837
63,32f3048da47f7f33319630b0d2ec3810,2021-03-01,19,geography_level_3,f05fa82955925441f3a4c9d7092fa5f5,product_level_2,db9e166331f89037c1b3590adfaa18d4
64,7db3cabe574ecdd45aadc5d177eeb57c,2021-03-01,118,geography_level_3,07a477a6ed5cbdba0e1eb3f497960e8f,product_level_2,3241cf89eaf210f13321fe6280c7d172
67,5fc2b5aeae81d7f330c9c38d1866e200,2021-03-01,7,geography_level_3,4106271eb9e60b9c01d4213e41f09e1d,product_level_2,db9e166331f89037c1b3590adfaa18d4
68,dc45a5066c7ece1aef82acbcad0b2b4b,2021-03-01,260,geography_level_3,4106271eb9e60b9c01d4213e41f09e1d,product_level_2,6c46c9c5d3ef936b4c8d6d8f9851e837
69,7f486d778c431823eec4d27a5aa44e89,2021-03-01,72,geography_level_3,11407e1f167b84f374d9e999a1ed9563,product_level_2,6c46c9c5d3ef936b4c8d6d8f9851e837
70,f2ece34d3236c9f4cab7acd497c02bf2,2021-03-01,613,geography_level_3,c22caf17e6d3e86f4ac0d7a603a4d5a6,product_level_2,db9e166331f89037c1b3590adfaa18d4
72,adb5c8f84e762106974f80d3be303a55,2021-03-01,609,geography_level_3,22ec2860549baef5c3e9af46967a3e1d,product_level_2,db9e166331f89037c1b3590adfaa18d4
74,527e1d5fcd5f1b4a24716dbe5a5d1b50,2021-03-01,39,geography_level_3,098256d91571e71ac0b656eb75d4b5f4,product_level_2,1807ffa2c1c84035f4346c3364104dd1
75,830dd3620bc18f86de4d882c8e67b6ad,2021-03-01,17,geography_level_3,098256d91571e71ac0b656eb75d4b5f4,product_level_2,45fe7a01980958e559fa0473c20c8c58
76,593cec6692d98e172dc85a58ae651c62,2021-03-01,350,geography_level_3,098256d91571e71ac0b656eb75d4b5f4,product_level_2,6c46c9c5d3ef936b4c8d6d8f9851e837
79,e458fa0c160f7cb8234585c90671a4ff,2021-03-01,88,geography_level_3,098256d91571e71ac0b656eb75d4b5f4,product_level_2,ba569a9ecbaa99645f9baf060d5061e7
80,e4a2998fd1856f77bd927945a1c7bf51,2021-03-01,45,geography_level_3,71c115abc5c045dfea887565abcfcf04,product_level_2,814119e4a116199cf494768f31987158
81,c642dbaf5b3b52fb22dedb5cb02a86f5,2021-03-01,67,geography_level_3,71c115abc5c045dfea887565abcfcf04,product_level_2,3241cf89eaf210f13321fe6280c7d172
82,698d29909ae53f72812a549dab3c24f8,2021-03-01,54,geography_level_3,71c115abc5c045dfea887565abcfcf04,product_level_2,1807ffa2c1c84035f4346c3364104dd1
83,9cc1cb331d39effa5bb5f0e1fb068876,2021-03-01,280,geography_level_3,71c115abc5c045dfea887565abcfcf04,product_level_2,db9e166331f89037c1b3590adfaa18d4
84,1cc4a07906b10c305d83c4bcdc0f10bc,2021-03-01,354,geography_level_3,71c115abc5c045dfea887565abcfcf04,product_level_2,6c46c9c5d3ef936b4c8d6d8f9851e837
86,650d526dd67fcb441e32a8d7dec773db,2021-03-01,243,geography_level_3,71c115abc5c045dfea887565abcfcf04,product_level_2,579cf4cbf3d63c78deffc623c0de643f
90,a3af30329899d166bec56ea2fa6bb593,2021-03-01,32,geography_level_3,d88fe8bab1fa287362c5b0d7ba13de48,product_level_2,6c46c9c5d3ef936b4c8d6d8f9851e837
91,88f33d6f7e6795d524b5cc4628df690f,2021-03-01,1234,geography_level_3,4106271eb9e60b9c01d4213e41f09e1d,product_level_2,814119e4a116199cf494768f31987158
92,1f3d0a0a616208b04f6444841c097e31,2021-03-01,177,geography_level_3,07a477a6ed5cbdba0e1eb3f497960e8f,product_level_2,1807ffa2c1c84035f4346c3364104dd1
93,e6cdccb9027c2468f12d09d55a56daec,2021-03-01,1156,geography_level_3,3d967bd11c42cd595c050d8cb626f3d6,product_level_2,579cf4cbf3d63c78deffc623c0de643f
94,6c03e266f227481ca63e80fb24a27e33,2021-03-01,81,geography_level_3,3d967bd11c42cd595c050d8cb626f3d6,product_level_2,6c46c9c5d3ef936b4c8d6d8f9851e837
96,2e9772baa6ebfd10b3f683a2d0028ac8,2021-03-01,1924,geography_level_3,07a477a6ed5cbdba0e1eb3f497960e8f,product_level_2,93a97f63f0a573483d49c58dc02c1341
99,348e0131640a006ea48247be3a0084d0,2021-03-01,225,geography_level_3,9363300bfece4e2faac6330570a2f7b6,product_level_2,814119e4a116199cf494768f31987158
100,63940595ed154d5689f06cf82df6acc7,2021-03-01,396,geography_level_3,9363300bfece4e2faac6330570a2f7b6,product_level_2,450a7d37ed3260ce3e9ea79cc40f11a5
101,3d2b6754ef69686ce9907ab0c125b6b4,2021-03-01,2054,geography_level_3,9363300bfece4e2faac6330570a2f7b6,product_level_2,db9e166331f89037c1b3590adfaa18d4
102,d54010a670b21f532269d115fca941d8,2021-03-01,719,geography_level_3,9363300bfece4e2faac6330570a2f7b6,product_level_2,579cf4cbf3d63c78deffc623c0de643f
104,5c3c6e8d7954fdee2e3227a692d2df8c,2021-03-01,155,geography_level_3,ac17865ba94b6a06b53466188fc4e446,product_level_2,450a7d37ed3260ce3e9ea79cc40f11a5
106,eb3565cf1b6008c52172b125a1c3194e,2021-03-01,137,geography_level_3,d3d107b6fe93bf6ed02cf207de4bce75,product_level_2,a95738cb3a3c4236b858683b406dea98
107,d5ccbdfb57bcb5620f1b8de938ff8be5,2021-03-01,1131,geography_level_3,d3d107b6fe93bf6ed02cf207de4bce75,product_level_2,450a7d37ed3260ce3e9ea79cc40f11a5
108,4c67288c2628b80c51fd7273dce983c7,2021-03-01,2160,geography_level_3,d3d107b6fe93bf6ed02cf207de4bce75,product_level_2,db9e166331f89037c1b3590adfaa18d4
109,fcbb22cb0cbbba1ab132d08bb6e11003,2021-03-01,202,geography_level_3,d3d107b6fe93bf6ed02cf207de4bce75,product_level_2,45fe7a01980958e559fa0473c20c8c58
110,bf06fdfc1adfc5a76961a244b782b411,2021-03-01,961,geography_level_3,d3d107b6fe93bf6ed02cf207de4bce75,product_level_2,6c46c9c5d3ef936b4c8d6d8f9851e837
112,ab27f19d74b501ada33d4c92794925c4,2021-03-01,351,geography_level_3,d3d107b6fe93bf6ed02cf207de4bce75,product_level_2,579cf4cbf3d63c78deffc623c0de643f
113,f1f7c02ec9a603a9b9f3ff6c7caba7bc,2021-03-01,445,geography_level_3,39a8345be72b8ff2f30e29dc836d7e12,product_level_2,814119e4a116199cf494768f31987158
114,5aebe67aeb4a373b28bc6b1dbd657616,2021-03-01,189,geography_level_3,39a8345be72b8ff2f30e29dc836d7e12,product_level_2,450a7d37ed3260ce3e9ea79cc40f11a5
116,e682d5211a579585bb0ff7c5de4fc225,2021-03-01,261,geography_level_3,3d967bd11c42cd595c050d8cb626f3d6,product_level_2,814119e4a116199cf494768f31987158
118,f9622882aa29d21645c552bddc0ab64b,2021-03-01,801,geography_level_3,3d967bd11c42cd595c050d8cb626f3d6,product_level_2,db9e166331f89037c1b3590adfaa18d4
121,99710714f6fc5f9772b9b23126fd7bb0,2021-03-01,85,geography_level_3,f05fa82955925441f3a4c9d7092fa5f5,product_level_2,a95738cb3a3c4236b858683b406dea98
123,1a644aefecff73fd87d05c26fce4c517,2021-03-01,87,geography_level_3,81b55678c362384058b1536471412c48,product_level_2,6c46c9c5d3ef936b4c8d6d8f9851e837
125,8aa97bb705f78f014a9046130df0b03a,2021-03-01,0,geography_level_3,de6d760cf1aac2523f6dd3794e611f5d,product_level_2,1807ffa2c1c84035f4346c3364104dd1
126,119a92ee61c74e162709aedb9953377c,2021-03-01,6,geography_level_3,de6d760cf1aac2523f6dd3794e611f5d,product_level_2,45fe7a01980958e559fa0473c20c8c58
127,b627eb901e49ed7d921fcff40065dbb3,2021-03-01,50,geography_level_3,de6d760cf1aac2523f6dd3794e611f5d,product_level_2,6c46c9c5d3ef936b4c8d6d8f9851e837
128,56d78ddd451bc8fd05ef36e5c4d15ad7,2021-03-01,55,geography_level_3,de6d760cf1aac2523f6dd3794e611f5d,product_level_2,93a97f63f0a573483d49c58dc02c1341
130,152eed771e21f6ea6319ebf4e2d29d6a,2021-03-01,69,geography_level_3,de6d760cf1aac2523f6dd3794e611f5d,product_level_2,ba569a9ecbaa99645f9baf060d5061e7
131,a9f6af1f0062224b4f10d276f4ac2d5c,2021-03-01,1,geography_level_3,6e22fd2ff7cfc0a02dc8e230e94e16a6,product_level_2,1807ffa2c1c84035f4346c3364104dd1
132,35d3a30c307b93f836abd419472a269a,2021-03-01,7,geography_level_3,6e22fd2ff7cfc0a02dc8e230e94e16a6,product_level_2,45fe7a01980958e559fa0473c20c8c58
138,c9a4c66e2dc0032c59c97eb463f05c30,2021-03-01,74,geography_level_3,6f613c88f6435d0e8f47eee574804e6c,product_level_2,1807ffa2c1c84035f4346c3364104dd1
139,ba5283c3eeff82588e2ecdcb5d0ea5da,2021-03-01,156,geography_level_3,6f613c88f6435d0e8f47eee574804e6c,product_level_2,db9e166331f89037c1b3590adfaa18d4
141,13699575af66ff77ab3b6947bb4e2698,2021-03-01,426,geography_level_3,6f613c88f6435d0e8f47eee574804e6c,product_level_2,6c46c9c5d3ef936b4c8d6d8f9851e837
142,ee0f3f9c7af6549abfbfccce533e6029,2021-03-01,518,geography_level_3,6f613c88f6435d0e8f47eee574804e6c,product_level_2,93a97f63f0a573483d49c58dc02c1341
143,b25d804dbe41f8db08e01526c72b32cc,2021-03-01,54,geography_level_3,6f613c88f6435d0e8f47eee574804e6c,product_level_2,579cf4cbf3d63c78deffc623c0de643f
144,02c79e63cc9f3f9722ad613c1f0831f7,2021-03-01,19,geography_level_3,6f613c88f6435d0e8f47eee574804e6c,product_level_2,ba569a9ecbaa99645f9baf060d5061e7
145,7e944e2bb8330462d5935087bc2f2fc3,2021-03-01,71,geography_level_3,e60518d19f0550fd8fd7d33f529a8b5e,product_level_2,814119e4a116199cf494768f31987158
146,3601516f24aba6ee6c5ad2af58a1df34,2021-03-01,7,geography_level_3,e60518d19f0550fd8fd7d33f529a8b5e,product_level_2,1807ffa2c1c84035f4346c3364104dd1
149,0e9945e01bf6e69f40d393ef1ece96a6,2021-03-01,228,geography_level_3,e60518d19f0550fd8fd7d33f529a8b5e,product_level_2,db9e166331f89037c1b3590adfaa18d4
150,1f9de601c4a4d3b2784678d711d0aba3,2021-03-01,72,geography_level_3,3f4f7017fa0708fc899d89c851d1a5de,product_level_2,579cf4cbf3d63c78deffc623c0de643f
151,2f7a999decf655e28e87ecd70f90cafd,2021-03-01,348,geography_level_3,3f4f7017fa0708fc899d89c851d1a5de,product_level_2,6c46c9c5d3ef936b4c8d6d8f9851e837
152,5e4fd60bab5dd0a917a6c0a598d46ee1,2021-03-01,226,geography_level_3,55536ba3606ef023932f9532b11797a5,product_level_2,db9e166331f89037c1b3590adfaa18d4
153,93c2dd0cce97a4a92cc1daf36f4e7df2,2021-03-01,13,geography_level_3,55536ba3606ef023932f9532b11797a5,product_level_2,45fe7a01980958e559fa0473c20c8c58
154,2e837ac08f48de71dd32dc311e354810,2021-03-01,121,geography_level_3,55536ba3606ef023932f9532b11797a5,product_level_2,6c46c9c5d3ef936b4c8d6d8f9851e837
156,d909f47b61671004a8f9b76500e5dc10,2021-03-01,286,geography_level_3,55536ba3606ef023932f9532b11797a5,product_level_2,579cf4cbf3d63c78deffc623c0de643f
157,b74b91ee70839752608187c3c9d8836d,2021-03-01,20,geography_level_3,55536ba3606ef023932f9532b11797a5,product_level_2,ba569a9ecbaa99645f9baf060d5061e7
158,c9233027ab866e9642a6bee219384328,2021-03-01,52,geography_level_3,557bc4db3ebfa9a39c242079d6015dd8,product_level_2,814119e4a116199cf494768f31987158
160,8c68897a5f37a575130d082a5685e0f2,2021-03-01,34,geography_level_3,557bc4db3ebfa9a39c242079d6015dd8,product_level_2,450a7d37ed3260ce3e9ea79cc40f11a5
161,9ef311289d35e1a880980cb4f753cc47,2021-03-01,168,geography_level_3,557bc4db3ebfa9a39c242079d6015dd8,product_level_2,db9e166331f89037c1b3590adfaa18d4
162,ac08d9a1f5507cd8492f0d5bae7649a4,2021-03-01,172,geography_level_3,557bc4db3ebfa9a39c242079d6015dd8,product_level_2,6c46c9c5d3ef936b4c8d6d8f9851e837
163,fe447f311693bcf0e91f2886f90f4cd7,2021-03-01,39,geography_level_3,557bc4db3ebfa9a39c242079d6015dd8,product_level_2,93a97f63f0a573483d49c58dc02c1341
164,48526f84251dc54cc78f91e3d65e2bb4,2021-03-01,13,geography_level_3,557bc4db3ebfa9a39c242079d6015dd8,product_level_2,579cf4cbf3d63c78deffc623c0de643f
165,8e25ab4b0aa53f3fce67ca91ede2b224,2021-03-01,53,geography_level_3,557bc4db3ebfa9a39c242079d6015dd8,product_level_2,ba569a9ecbaa99645f9baf060d5061e7
166,fd6a8b52286a5bd6c702d45127c1aecf,2021-03-01,34,geography_level_3,cfcb575b4a1fc05255ef88307ffbeaa9,product_level_2,1807ffa2c1c84035f4346c3364104dd1
167,113449551b7252eb3a7478f4a58113a2,2021-03-01,311,geography_level_3,cfcb575b4a1fc05255ef88307ffbeaa9,product_level_2,db9e166331f89037c1b3590adfaa18d4
168,33c6a63cf584680949a927b5f2b4a597,2021-03-01,14,geography_level_3,cfcb575b4a1fc05255ef88307ffbeaa9,product_level_2,45fe7a01980958e559fa0473c20c8c58
169,380ad6e9d053693ab13f4da6940169ee,2021-03-01,382,geography_level_3,cfcb575b4a1fc05255ef88307ffbeaa9,product_level_2,6c46c9c5d3ef936b4c8d6d8f9851e837
170,70d076e4fba554e86b5890f8cf95436d,2021-03-01,305,geography_level_3,cfcb575b4a1fc05255ef88307ffbeaa9,product_level_2,93a97f63f0a573483d49c58dc02c1341
171,6a279ce2cf94e6b9baca0ef2ec54f70f,2021-03-01,73,geography_level_3,cfcb575b4a1fc05255ef88307ffbeaa9,product_level_2,579cf4cbf3d63c78deffc623c0de643f
172,e1f711289e92c38c5fb93d71354634e4,2021-03-01,9,geography_level_3,cfcb575b4a1fc05255ef88307ffbeaa9,product_level_2,ba569a9ecbaa99645f9baf060d5061e7
176,08c7c41c2495d1bf0e50ac754711356f,2021-03-01,28,geography_level_3,3f4f7017fa0708fc899d89c851d1a5de,product_level_2,db9e166331f89037c1b3590adfaa18d4
178,eada20c4ba7316435e9c6b3d0612abb8,2021-03-01,18,geography_level_3,e60518d19f0550fd8fd7d33f529a8b5e,product_level_2,45fe7a01980958e559fa0473c20c8c58
179,d23ee6399fa8fde28e1d404b8f31ceb7,2021-03-01,363,geography_level_3,e60518d19f0550fd8fd7d33f529a8b5e,product_level_2,6c46c9c5d3ef936b4c8d6d8f9851e837
180,6f6e87abe8b5136a7a8e1329955480f7,2021-03-01,76,geography_level_3,e60518d19f0550fd8fd7d33f529a8b5e,product_level_2,579cf4cbf3d63c78deffc623c0de643f
182,68a0a6f70a6a3dcb4159f4b83ba12c05,2021-03-01,6,geography_level_3,4e29298af61683b28df48f81d9798f55,product_level_2,45fe7a01980958e559fa0473c20c8c58
183,e5847ca3df209918422da7d5a7b1cd98,2021-03-01,30,geography_level_3,4e29298af61683b28df48f81d9798f55,product_level_2,6c46c9c5d3ef936b4c8d6d8f9851e837
184,5c489b42e3adfd965effad76b1610aa5,2021-03-01,78,geography_level_3,4e29298af61683b28df48f81d9798f55,product_level_2,ba569a9ecbaa99645f9baf060d5061e7
185,a45a35260a76ad0d9e6c8c927df7be90,2021-03-01,5,geography_level_3,8bffa7eb4c165b3fc8fbcdcc7d5e25ff,product_level_2,45fe7a01980958e559fa0473c20c8c58
186,5e1a688825e36b3b2ddfdacea136b9a8,2021-03-01,20,geography_level_3,8bffa7eb4c165b3fc8fbcdcc7d5e25ff,product_level_2,6c46c9c5d3ef936b4c8d6d8f9851e837
187,5edc6fc84c7dd89ce63938aee6a61185,2021-03-01,5,geography_level_3,8b2bbea7dd24f1427bd37e74936047c7,product_level_2,45fe7a01980958e559fa0473c20c8c58
188,addd1dd894ea8c9f03e0791fb024fd4b,2021-03-01,55,geography_level_3,8b2bbea7dd24f1427bd37e74936047c7,product_level_2,6c46c9c5d3ef936b4c8d6d8f9851e837
189,8663fdd30a9e8769178fc32ed02cf6da,2021-03-01,40,geography_level_3,f05fa82955925441f3a4c9d7092fa5f5,product_level_2,6c46c9c5d3ef936b4c8d6d8f9851e837
191,0b0db6dbaddf6a2e5ed6eba8680d9549,2021-03-01,1,geography_level_3,f05fa82955925441f3a4c9d7092fa5f5,product_level_2,579cf4cbf3d63c78deffc623c0de643f
192,3e13389035db3a462d26e01b2b4871eb,2021-03-01,2,geography_level_3,b55d6f976871ef58e585e8c25f3689e7,product_level_2,1807ffa2c1c84035f4346c3364104dd1
195,2fe950b8b6c328c3dc76420a3a3387d3,2021-03-01,35,geography_level_3,a8047d24376e2ce5c62663d435629812,product_level_2,450a7d37ed3260ce3e9ea79cc40f11a5
196,b831e8a16aa20eca762325784878f565,2021-03-01,22,geography_level_3,36ab7b000da26b0547bfc3c3fdf143dc,product_level_2,814119e4a116199cf494768f31987158
198,4984de0c66386cfec1620cc3b8b80024,2021-03-01,39,geography_level_3,36ab7b000da26b0547bfc3c3fdf143dc,product_level_2,db9e166331f89037c1b3590adfaa18d4
200,2c93268674429ea6908dfe9a532fd8cc,2021-03-01,211,geography_level_3,143c7c36a05254135b45911c609d8c78,product_level_2,a95738cb3a3c4236b858683b406dea98
201,3e52fb3144811a9fef969aacfe6aa414,2021-03-01,11,geography_level_3,143c7c36a05254135b45911c609d8c78,product_level_2,1807ffa2c1c84035f4346c3364104dd1
202,b371f35f74892ee4ea7daebcf10d1f61,2021-03-01,64,geography_level_3,143c7c36a05254135b45911c609d8c78,product_level_2,45fe7a01980958e559fa0473c20c8c58
205,ae7721fe6d16071bef524bc9079abc0e,2021-03-01,36,geography_level_3,4e29298af61683b28df48f81d9798f55,product_level_2,a95738cb3a3c4236b858683b406dea98
206,c63b6c6b8de09b542834e25a15dae747,2021-03-01,367,geography_level_3,ec258532d911270434f328606cba61b6,product_level_2,ba569a9ecbaa99645f9baf060d5061e7
209,c969e521693610ba941eee4a25b5e885,2021-03-01,6,geography_level_3,e60518d19f0550fd8fd7d33f529a8b5e,product_level_2,ba569a9ecbaa99645f9baf060d5061e7
211,79b2dc0d925fdcad4667bcff352cad80,2021-03-01,10,geography_level_3,70a676d52f1f61781eca038528be816d,product_level_2,814119e4a116199cf494768f31987158
213,958490406787f4029ace6dfbd28d5035,2021-03-01,234,geography_level_3,70a676d52f1f61781eca038528be816d,product_level_2,1807ffa2c1c84035f4346c3364104dd1
214,bc1bdcba11f4100625577053a9c1d4d1,2021-03-01,3470,geography_level_3,70a676d52f1f61781eca038528be816d,product_level_2,6c46c9c5d3ef936b4c8d6d8f9851e837
215,ac4a5924abfdfabdefbf7e6a92d3b9fe,2021-03-01,1497,geography_level_3,70a676d52f1f61781eca038528be816d,product_level_2,93a97f63f0a573483d49c58dc02c1341
216,994e355b4bacdab7a5115dd827c4c016,2021-03-01,121,geography_level_3,70a676d52f1f61781eca038528be816d,product_level_2,579cf4cbf3d63c78deffc623c0de643f
217,5d1fd6fa1e0ace2d2170c125dad5eb09,2021-03-01,271,geography_level_3,70a676d52f1f61781eca038528be816d,product_level_2,ba569a9ecbaa99645f9baf060d5061e7
218,87b72be526dea4d87e7b72850263e2d7,2021-03-01,59,geography_level_3,7b61250107b0ab94a35b9b80168df40d,product_level_2,3241cf89eaf210f13321fe6280c7d172
219,74328225ad65ed158075d80e47122b6f,2021-03-01,76,geography_level_3,7b61250107b0ab94a35b9b80168df40d,product_level_2,1807ffa2c1c84035f4346c3364104dd1
220,a4feb7bd8511f582ffb5023299178ff4,2021-03-01,40,geography_level_3,d88fe8bab1fa287362c5b0d7ba13de48,product_level_2,ba569a9ecbaa99645f9baf060d5061e7
224,179e84d896bf9bcd3d0008ec2cfbdedd,2021-03-01,4919,geography_level_3,7b61250107b0ab94a35b9b80168df40d,product_level_2,93a97f63f0a573483d49c58dc02c1341
225,5227ca0cf9f2a4f20dc38045cd44642a,2021-03-01,492,geography_level_3,7b61250107b0ab94a35b9b80168df40d,product_level_2,579cf4cbf3d63c78deffc623c0de643f
226,4c5f67fc8f1d7eaae963ef30e81cd6d1,2021-03-01,84,geography_level_3,7b61250107b0ab94a35b9b80168df40d,product_level_2,ba569a9ecbaa99645f9baf060d5061e7
227,b3be5f5a5e6e4c9f5a3134fbe9395c35,2021-03-01,455,geography_level_3,ec258532d911270434f328606cba61b6,product_level_2,814119e4a116199cf494768f31987158
228,415469a2826bed5442d9591094b6fa11,2021-03-01,316,geography_level_3,ec258532d911270434f328606cba61b6,product_level_2,3241cf89eaf210f13321fe6280c7d172
230,d265d3620336f88bb6b49ac2e38c60ae,2021-03-01,345,geography_level_3,ec258532d911270434f328606cba61b6,product_level_2,450a7d37ed3260ce3e9ea79cc40f11a5
231,c87ad717e6b5595558debbe356ee0945,2021-03-01,1051,geography_level_3,ec258532d911270434f328606cba61b6,product_level_2,db9e166331f89037c1b3590adfaa18d4
232,7d9cbb373fddba4ce2cddcec96bccbeb,2021-03-01,34,geography_level_3,ec258532d911270434f328606cba61b6,product_level_2,45fe7a01980958e559fa0473c20c8c58
233,683f6d6268cffdf9e542efbb9663694e,2021-03-01,3476,geography_level_3,ec258532d911270434f328606cba61b6,product_level_2,6c46c9c5d3ef936b4c8d6d8f9851e837
234,6b51dc00e52712d2f03e257bf665584d,2021-03-01,988,geography_level_3,7b61250107b0ab94a35b9b80168df40d,product_level_2,db9e166331f89037c1b3590adfaa18d4
235,b1c2cfe32816b7561a95bb5d62d6aa2f,2021-03-01,43,geography_level_3,55536ba3606ef023932f9532b11797a5,product_level_2,450a7d37ed3260ce3e9ea79cc40f11a5
236,3b1d170981038f65f18f9f8b32aef17c,2021-03-01,149,geography_level_3,b0597a38e8a1100ec75120dddcb61f01,product_level_2,814119e4a116199cf494768f31987158
237,426b3729c06b0c2f226733d43d940f20,2021-03-01,149,geography_level_3,b0597a38e8a1100ec75120dddcb61f01,product_level_2,450a7d37ed3260ce3e9ea79cc40f11a5
239,76a5def89adbd6ecac452792fd8a1c7a,2021-03-01,6,geography_level_3,147c62a8f5acb0899e59893e821eb619,product_level_2,db9e166331f89037c1b3590adfaa18d4
241,f88c5cb6cc169fa3647434185226fd24,2021-03-01,14519,geography_level_3,147c62a8f5acb0899e59893e821eb619,product_level_2,93a97f63f0a573483d49c58dc02c1341
243,a5617570b22804aa25680fde7902df27,2021-03-01,42,geography_level_3,147c62a8f5acb0899e59893e821eb619,product_level_2,ba569a9ecbaa99645f9baf060d5061e7
244,4a9c8fb8375557e4d279ec8866b7a46a,2021-03-01,74,geography_level_3,55704d1433a3abadfcbdd5b0befae53b,product_level_2,814119e4a116199cf494768f31987158
245,acaea7e0ebd9e7f7fb2d512e30394f95,2021-03-01,115,geography_level_3,55704d1433a3abadfcbdd5b0befae53b,product_level_2,1807ffa2c1c84035f4346c3364104dd1
248,7186738f570cf2d52511801af3d495e1,2021-03-01,70,geography_level_3,55704d1433a3abadfcbdd5b0befae53b,product_level_2,45fe7a01980958e559fa0473c20c8c58
249,8f12d4efbdca5bd74c62fb8c08cfeff9,2021-03-01,3665,geography_level_3,55704d1433a3abadfcbdd5b0befae53b,product_level_2,6c46c9c5d3ef936b4c8d6d8f9851e837
251,91fadf0c76d2c846294d91c5fc6eb063,2021-03-01,234,geography_level_3,55704d1433a3abadfcbdd5b0befae53b,product_level_2,579cf4cbf3d63c78deffc623c0de643f
253,e597880ffd78521b937456d6ae102646,2021-03-01,126,geography_level_3,dd45118031e9d2daafadd23195d04899,product_level_2,1807ffa2c1c84035f4346c3364104dd1
254,832125caaa876956cf4cf3eb06732dd5,2021-03-01,150,geography_level_3,dd45118031e9d2daafadd23195d04899,product_level_2,450a7d37ed3260ce3e9ea79cc40f11a5
255,a6215c8c976b59dfdf486f11146675a8,2021-03-01,595,geography_level_3,dd45118031e9d2daafadd23195d04899,product_level_2,db9e166331f89037c1b3590adfaa18d4
257,22c009f7ffbadd773cb9b6d8f6e703cf,2021-03-01,4904,geography_level_3,dd45118031e9d2daafadd23195d04899,product_level_2,6c46c9c5d3ef936b4c8d6d8f9851e837
258,16bc36ba0caf4b1596ef4b75a4a3096a,2021-03-01,1691,geography_level_3,dd45118031e9d2daafadd23195d04899,product_level_2,93a97f63f0a573483d49c58dc02c1341
260,1fb8b75109e637f2a4d93b17d29bd03a,2021-03-01,7,geography_level_3,3d5d1635712ad6bffe1b82e9d34b1c24,product_level_2,1807ffa2c1c84035f4346c3364104dd1
262,7ddf11a6871acd4ce5c367b17ed55796,2021-03-01,216,geography_level_3,3d5d1635712ad6bffe1b82e9d34b1c24,product_level_2,6c46c9c5d3ef936b4c8d6d8f9851e837
263,2bcf994716d73cb1df531aaa8692c809,2021-03-01,505,geography_level_3,b0f0cadb4f9b07e6b365c9eaaa5eb561,product_level_2,6c46c9c5d3ef936b4c8d6d8f9851e837
264,b20f7d4624a16a1e2866fb52ed57663e,2021-03-01,172,geography_level_3,3d5d1635712ad6bffe1b82e9d34b1c24,product_level_2,93a97f63f0a573483d49c58dc02c1341
265,53f8b87f98ad47407637989f259561b6,2021-03-01,955,geography_level_3,b0f0cadb4f9b07e6b365c9eaaa5eb561,product_level_2,db9e166331f89037c1b3590adfaa18d4
267,eb985b01fccc017e6ffca6bf0c2dd015,2021-03-01,45,geography_level_3,11407e1f167b84f374d9e999a1ed9563,product_level_2,3241cf89eaf210f13321fe6280c7d172
268,0025accbb2e3dfbfe6f5b3a4562bdee0,2021-03-01,244,geography_level_3,11407e1f167b84f374d9e999a1ed9563,product_level_2,1807ffa2c1c84035f4346c3364104dd1
269,631758d7a71c398d80538c844d3f17cc,2021-03-01,24,geography_level_3,11407e1f167b84f374d9e999a1ed9563,product_level_2,db9e166331f89037c1b3590adfaa18d4
271,15575052d5294ee546f458edf801ddaf,2021-03-01,4084,geography_level_3,11407e1f167b84f374d9e999a1ed9563,product_level_2,93a97f63f0a573483d49c58dc02c1341
272,c488bf7c41760394cf2799a749d288f4,2021-03-01,636,geography_level_3,11407e1f167b84f374d9e999a1ed9563,product_level_2,579cf4cbf3d63c78deffc623c0de643f
273,0634adffbf492893d5a1352af9722a1b,2021-03-01,84,geography_level_3,11407e1f167b84f374d9e999a1ed9563,product_level_2,ba569a9ecbaa99645f9baf060d5061e7
276,0fc8b8d79d0fdb10dbeb2fdbef10a0bc,2021-03-01,1935,geography_level_3,c22caf17e6d3e86f4ac0d7a603a4d5a6,product_level_2,93a97f63f0a573483d49c58dc02c1341
278,8121b235f0578a321d6a64383470619f,2021-03-01,705,geography_level_3,22ec2860549baef5c3e9af46967a3e1d,product_level_2,814119e4a116199cf494768f31987158
279,2b1d3edb765ec06b94f8114bfdcb1840,2021-03-01,135,geography_level_3,22ec2860549baef5c3e9af46967a3e1d,product_level_2,450a7d37ed3260ce3e9ea79cc40f11a5
281,97295c9dbdf760f22111485633ce4175,2021-03-01,2793,geography_level_3,22ec2860549baef5c3e9af46967a3e1d,product_level_2,93a97f63f0a573483d49c58dc02c1341
282,8031c698c601b62a7863c91b9506d809,2021-03-01,636,geography_level_3,22ec2860549baef5c3e9af46967a3e1d,product_level_2,579cf4cbf3d63c78deffc623c0de643f
285,9e58f106b6b192b53fe8cfc77651d6b0,2021-03-01,353,geography_level_3,46cf2a1545bea6ad9ef79bf82866b21f,product_level_2,db9e166331f89037c1b3590adfaa18d4
286,ea15f6b3cda55834daa1b61904adc0fe,2021-03-01,561,geography_level_3,60de5fa40aaaf2850711bc5269f91476,product_level_2,814119e4a116199cf494768f31987158
287,8fb2843789bfd2c01be11d793bf72467,2021-03-01,748,geography_level_3,60de5fa40aaaf2850711bc5269f91476,product_level_2,450a7d37ed3260ce3e9ea79cc40f11a5
288,97d381a25dec90e6440bda73533a4462,2021-03-01,4096,geography_level_3,60de5fa40aaaf2850711bc5269f91476,product_level_2,db9e166331f89037c1b3590adfaa18d4
289,3350dd4e8132d27672c5a09cd15a2d70,2021-03-01,2859,geography_level_3,60de5fa40aaaf2850711bc5269f91476,product_level_2,93a97f63f0a573483d49c58dc02c1341
290,98ff59c466cefd9db8a775ad6debe038,2021-03-01,203,geography_level_3,8652ef40368d8de0746739c712bb981c,product_level_2,450a7d37ed3260ce3e9ea79cc40f11a5
293,87ae7b61181fc87c22e898212b729f1c,2021-03-01,592,geography_level_3,82d2e641c36d5147fc00ef92eb6eeac9,product_level_2,ba569a9ecbaa99645f9baf060d5061e7
295,4aebdfa099895cbc2ab9c7485dc33d3c,2021-03-01,7,geography_level_3,7ac6047d36cb2b463fc6b483cc32da60,product_level_2,450a7d37ed3260ce3e9ea79cc40f11a5
298,ca792b6c4dfc40cb4f82177c0ce75135,2021-03-01,48,geography_level_3,e37d1fd37c8c4988c46b5152e0d6087d,product_level_2,579cf4cbf3d63c78deffc623c0de643f
299,e2938f937da7b164d039fe25de6cb475,2021-03-01,13,geography_level_3,e37d1fd37c8c4988c46b5152e0d6087d,product_level_2,ba569a9ecbaa99645f9baf060d5061e7
301,e3b02e600a9c05121fa11cfc99f6a7b1,2021-03-01,141,geography_level_3,70b35aead2dac30735d3e5897b287d03,product_level_2,db9e166331f89037c1b3590adfaa18d4
303,5284a12e6e8696b4468c015194777dee,2021-03-01,34,geography_level_3,70b35aead2dac30735d3e5897b287d03,product_level_2,93a97f63f0a573483d49c58dc02c1341
304,202ac0ff9f60c7de31423ab773f7cac8,2021-03-01,61,geography_level_3,70b35aead2dac30735d3e5897b287d03,product_level_2,579cf4cbf3d63c78deffc623c0de643f
305,6580383fbec789022ae6accba82c2be0,2021-03-01,13,geography_level_3,70b35aead2dac30735d3e5897b287d03,product_level_2,ba569a9ecbaa99645f9baf060d5061e7
307,e499a8c73b625858280ee8fd71f4118a,2021-03-01,29,geography_level_3,3682d07276ccce42b942a83cd8645c34,product_level_2,1807ffa2c1c84035f4346c3364104dd1
308,3c5f5530415f6cd3fe7d0d780d4c692b,2021-03-01,55,geography_level_3,3682d07276ccce42b942a83cd8645c34,product_level_2,450a7d37ed3260ce3e9ea79cc40f11a5
309,bde4f74585ff4511a4ac812ff983cf04,2021-03-01,230,geography_level_3,3682d07276ccce42b942a83cd8645c34,product_level_2,db9e166331f89037c1b3590adfaa18d4
311,29b5fe79074a22aa11be367a6f23e6ce,2021-03-01,424,geography_level_3,3682d07276ccce42b942a83cd8645c34,product_level_2,6c46c9c5d3ef936b4c8d6d8f9851e837
312,66bc82542d96fb5ecfe0e707f2163f69,2021-03-01,99,geography_level_3,3682d07276ccce42b942a83cd8645c34,product_level_2,579cf4cbf3d63c78deffc623c0de643f
313,dec0b2a698a629fa1f029282029b36e6,2021-03-01,12,geography_level_3,3682d07276ccce42b942a83cd8645c34,product_level_2,ba569a9ecbaa99645f9baf060d5061e7
314,a938582af12af32f2605172e025d077e,2021-03-01,16,geography_level_3,0b41e006d801550cba4c38157729bf87,product_level_2,1807ffa2c1c84035f4346c3364104dd1
316,5fc30b55b8a92d9633c5fe1866ca6d95,2021-03-01,339,geography_level_3,0b41e006d801550cba4c38157729bf87,product_level_2,6c46c9c5d3ef936b4c8d6d8f9851e837
318,e84341b6f53f2bde4b1fc436793bb6ee,2021-03-01,30,geography_level_3,0b41e006d801550cba4c38157729bf87,product_level_2,579cf4cbf3d63c78deffc623c0de643f
320,bb2a8d93abae18f4cb5b3ae443cbe46f,2021-03-01,4,geography_level_3,e37d1fd37c8c4988c46b5152e0d6087d,product_level_2,db9e166331f89037c1b3590adfaa18d4
321,87daf0158a4b1df6c72a8ff10c518b75,2021-03-01,22,geography_level_3,3d5d1635712ad6bffe1b82e9d34b1c24,product_level_2,ba569a9ecbaa99645f9baf060d5061e7
322,ee017293437cd250a8b9f6445df5f8c5,2021-03-01,23,geography_level_3,a26a472b755b975cfe0923c243d3b10a,product_level_2,579cf4cbf3d63c78deffc623c0de643f
323,1daec4b51aa36f6ddc1597d64e1bc42d,2021-03-01,20,geography_level_3,a26a472b755b975cfe0923c243d3b10a,product_level_2,450a7d37ed3260ce3e9ea79cc40f11a5
324,47e52256e47714454f5f8152d3f6e747,2021-03-01,437,geography_level_3,7ac6047d36cb2b463fc6b483cc32da60,product_level_2,db9e166331f89037c1b3590adfaa18d4
327,3089e6be2ff94a450b62d5c940194a39,2021-03-01,626,geography_level_3,7ac6047d36cb2b463fc6b483cc32da60,product_level_2,93a97f63f0a573483d49c58dc02c1341
329,c67c64b598f9a4129f5001f40c7af297,2021-03-01,15,geography_level_3,7ac6047d36cb2b463fc6b483cc32da60,product_level_2,ba569a9ecbaa99645f9baf060d5061e7
330,452ac3ab0817f0ce3d77ad646b0920d2,2021-03-01,16,geography_level_3,94fa0f35673c82f74ce21ee9a42dbe9e,product_level_2,1807ffa2c1c84035f4346c3364104dd1
332,5fc6a530a4c8e9ae27a3c3a715aa4fb4,2021-03-01,7,geography_level_3,94fa0f35673c82f74ce21ee9a42dbe9e,product_level_2,45fe7a01980958e559fa0473c20c8c58
333,a0817bf9bfb11e453bfa3ac02c5bd7db,2021-03-01,85,geography_level_3,94fa0f35673c82f74ce21ee9a42dbe9e,product_level_2,6c46c9c5d3ef936b4c8d6d8f9851e837
334,5ed83d4464e47b882914596823446fb6,2021-03-01,125,geography_level_3,94fa0f35673c82f74ce21ee9a42dbe9e,product_level_2,93a97f63f0a573483d49c58dc02c1341
338,e138a2b015c7906d224f157bc743f6ef,2021-03-01,90,geography_level_3,239f3643e0162a369985140f011d43d3,product_level_2,db9e166331f89037c1b3590adfaa18d4
339,8cecb832507fbc89282c0d506c3f9253,2021-03-01,19,geography_level_3,239f3643e0162a369985140f011d43d3,product_level_2,6c46c9c5d3ef936b4c8d6d8f9851e837
340,97e53a2c1c1d3971595cde912b21c18e,2021-03-01,54,geography_level_3,239f3643e0162a369985140f011d43d3,product_level_2,579cf4cbf3d63c78deffc623c0de643f
342,2f3f91abf4612aed8242157698c2e91a,2021-03-01,18,geography_level_3,c704db10d5ccedf4d993d7456278332f,product_level_2,db9e166331f89037c1b3590adfaa18d4
343,d58a7109168bd4c27331ee00fa45c5f2,2021-03-01,7,geography_level_3,c704db10d5ccedf4d993d7456278332f,product_level_2,45fe7a01980958e559fa0473c20c8c58
344,cee2c6a016c61f3d8fb43fcfc63dc9e9,2021-03-01,24,geography_level_3,c704db10d5ccedf4d993d7456278332f,product_level_2,6c46c9c5d3ef936b4c8d6d8f9851e837
345,3a7eacfc70d57638d22e5af02abe43b7,2021-03-01,44,geography_level_3,c704db10d5ccedf4d993d7456278332f,product_level_2,93a97f63f0a573483d49c58dc02c1341
346,137727b0048689a91bafba6e2a6fc89f,2021-03-01,14,geography_level_3,c704db10d5ccedf4d993d7456278332f,product_level_2,579cf4cbf3d63c78deffc623c0de643f
348,27678e453a20126fee7e719fb4b6f933,2021-03-01,13,geography_level_3,a26a472b755b975cfe0923c243d3b10a,product_level_2,814119e4a116199cf494768f31987158
350,f9b65382613bd6ab5c52bb4bf419bd6b,2021-03-01,1141,geography_level_3,82d2e641c36d5147fc00ef92eb6eeac9,product_level_2,579cf4cbf3d63c78deffc623c0de643f
351,cc0a53da040f504a5ea75f84ece95fe9,2021-03-01,3762,geography_level_3,82d2e641c36d5147fc00ef92eb6eeac9,product_level_2,93a97f63f0a573483d49c58dc02c1341
353,2e1992b6aabb7cc7a0991ed9ec84f351,2021-03-01,128,geography_level_3,8c0f4757e1ff757e22a3eb96948a8868,product_level_2,45fe7a01980958e559fa0473c20c8c58
355,028b2111d990b7f862d81e6e4d357016,2021-03-01,68,geography_level_3,8c0f4757e1ff757e22a3eb96948a8868,product_level_2,ba569a9ecbaa99645f9baf060d5061e7
356,80caf14aace2a14570c299cbe25ad867,2021-03-01,3,geography_level_3,52b9c00ab15c967f2f49c5605800fef5,product_level_2,814119e4a116199cf494768f31987158
357,bb113c09fb5b49e3298589fb858fd58b,2021-03-01,378,geography_level_3,52b9c00ab15c967f2f49c5605800fef5,product_level_2,3241cf89eaf210f13321fe6280c7d172
358,8dc96be31cc2d5dd0db5d607a2de4689,2021-03-01,314,geography_level_3,52b9c00ab15c967f2f49c5605800fef5,product_level_2,a95738cb3a3c4236b858683b406dea98
359,6b1575e0ffecd14da93e5a5a6b22f308,2021-03-01,598,geography_level_3,52b9c00ab15c967f2f49c5605800fef5,product_level_2,1807ffa2c1c84035f4346c3364104dd1
360,33f817660553b40a58e3a6391b550f74,2021-03-01,758,geography_level_3,52b9c00ab15c967f2f49c5605800fef5,product_level_2,45fe7a01980958e559fa0473c20c8c58
361,7dc25ea61b4d47f7de6c7a8d8d559487,2021-03-01,3604,geography_level_3,52b9c00ab15c967f2f49c5605800fef5,product_level_2,6c46c9c5d3ef936b4c8d6d8f9851e837
362,2effa036807329a88056093fabb07ce6,2021-03-01,3633,geography_level_3,52b9c00ab15c967f2f49c5605800fef5,product_level_2,93a97f63f0a573483d49c58dc02c1341
363,d490f1f82940df330d093c5bac07db05,2021-03-01,323,geography_level_3,52b9c00ab15c967f2f49c5605800fef5,product_level_2,579cf4cbf3d63c78deffc623c0de643f
364,e060566916f59044185918f213b2cc0e,2021-03-01,362,geography_level_3,52b9c00ab15c967f2f49c5605800fef5,product_level_2,ba569a9ecbaa99645f9baf060d5061e7
366,093bb5d4aea8b43ae8cb537b04714306,2021-03-01,557,geography_level_3,af04e3e5da488f5ca9b5d1d4ce04ebaa,product_level_2,1807ffa2c1c84035f4346c3364104dd1
368,2ac971ea3fa8316c71d9826724e0d204,2021-03-01,3018,geography_level_3,af04e3e5da488f5ca9b5d1d4ce04ebaa,product_level_2,6c46c9c5d3ef936b4c8d6d8f9851e837
369,2c8dfb69edf3b395ba3e1f6042c954cc,2021-03-01,4035,geography_level_3,af04e3e5da488f5ca9b5d1d4ce04ebaa,product_level_2,93a97f63f0a573483d49c58dc02c1341
370,dbc5b761566051f252b1f4d873f424b9,2021-03-01,454,geography_level_3,af04e3e5da488f5ca9b5d1d4ce04ebaa,product_level_2,579cf4cbf3d63c78deffc623c0de643f
371,ef661053dda0716104805ae9e26e4a1a,2021-03-01,363,geography_level_3,af04e3e5da488f5ca9b5d1d4ce04ebaa,product_level_2,ba569a9ecbaa99645f9baf060d5061e7
372,8fed13cf51c479d2ac4949dff27d42c0,2021-03-01,276,geography_level_3,50cebc1429231eda4384a84ca4deb751,product_level_2,814119e4a116199cf494768f31987158
373,2aac0388929aa523fb80fd6b633fa66f,2021-03-01,30,geography_level_3,50cebc1429231eda4384a84ca4deb751,product_level_2,450a7d37ed3260ce3e9ea79cc40f11a5
375,9a27f2c80de3ad06d7b57f5ec302c19e,2021-03-01,4259,geography_level_3,50cebc1429231eda4384a84ca4deb751,product_level_2,93a97f63f0a573483d49c58dc02c1341
378,640872fbff94b29354a6ab9e8291c5ae,2021-03-01,30,geography_level_3,8c0f4757e1ff757e22a3eb96948a8868,product_level_2,1807ffa2c1c84035f4346c3364104dd1
379,073bda620caa648719cd2a3b2228d717,2021-03-01,17,geography_level_3,8c0f4757e1ff757e22a3eb96948a8868,product_level_2,6c46c9c5d3ef936b4c8d6d8f9851e837
381,9c2e770d6a88d77b14b4b33e144d420d,2021-03-01,47,geography_level_3,d6413663cb130f6cd1fda4a90fbbbd8f,product_level_2,6c46c9c5d3ef936b4c8d6d8f9851e837
383,87df2977fa506142ade684ccfeaf3ba9,2021-03-01,230,geography_level_3,b0597a38e8a1100ec75120dddcb61f01,product_level_2,45fe7a01980958e559fa0473c20c8c58
384,7960662695a342f6008be0d186095e83,2021-03-01,721,geography_level_3,b0597a38e8a1100ec75120dddcb61f01,product_level_2,6c46c9c5d3ef936b4c8d6d8f9851e837
387,9a12a1e6d57b533d6d8f03ee0caad287,2021-03-01,278,geography_level_3,b0597a38e8a1100ec75120dddcb61f01,product_level_2,ba569a9ecbaa99645f9baf060d5061e7
390,ac2457e77e9a3e87cd49db29095b7d24,2021-03-01,72,geography_level_3,79fd843dc0fb0d570ec0f9415cbc989d,product_level_2,450a7d37ed3260ce3e9ea79cc40f11a5
391,1573a37eb3eeb81f69cb0a22b7fd448b,2021-03-01,258,geography_level_3,79fd843dc0fb0d570ec0f9415cbc989d,product_level_2,db9e166331f89037c1b3590adfaa18d4
392,a3555ad237008836cf19327ddbef241b,2021-03-01,269,geography_level_3,79fd843dc0fb0d570ec0f9415cbc989d,product_level_2,45fe7a01980958e559fa0473c20c8c58
393,df4223b1bdcd817f34753924e16a762e,2021-03-01,805,geography_level_3,79fd843dc0fb0d570ec0f9415cbc989d,product_level_2,6c46c9c5d3ef936b4c8d6d8f9851e837
394,b371ab9532d058ae855a7de09d61c6a9,2021-03-01,655,geography_level_3,79fd843dc0fb0d570ec0f9415cbc989d,product_level_2,93a97f63f0a573483d49c58dc02c1341
397,720c9a8ba9e35fd9b944f67e7a6fe6b4,2021-03-01,39,geography_level_3,8e58413f8ca86692a0a01f8b5679fdac,product_level_2,3241cf89eaf210f13321fe6280c7d172
398,b00dcbfbd4891a15a92fae75babc7ba7,2021-03-01,7,geography_level_3,8e58413f8ca86692a0a01f8b5679fdac,product_level_2,a95738cb3a3c4236b858683b406dea98
399,49e1ac35ee87ce3e71c1b3f2d3e62e0f,2021-03-01,2,geography_level_3,8e58413f8ca86692a0a01f8b5679fdac,product_level_2,1807ffa2c1c84035f4346c3364104dd1
401,3d5728f2630d66f723ed215b80088157,2021-03-01,66,geography_level_3,8e58413f8ca86692a0a01f8b5679fdac,product_level_2,6c46c9c5d3ef936b4c8d6d8f9851e837
403,61014a3645fe963d65cf4d26a54336e6,2021-03-01,20,geography_level_3,d6413663cb130f6cd1fda4a90fbbbd8f,product_level_2,3241cf89eaf210f13321fe6280c7d172
405,119be6b73ac373f61758dceea2fd7824,2021-03-01,3,geography_level_3,d6413663cb130f6cd1fda4a90fbbbd8f,product_level_2,1807ffa2c1c84035f4346c3364104dd1
408,e8945ed56835481e2d845707e26b653f,2021-03-01,77,geography_level_3,52b9c00ab15c967f2f49c5605800fef5,product_level_2,6c46c9c5d3ef936b4c8d6d8f9851e837
414,1cc6ef77b35ec96d8d80f6637f3a5084,2021-03-01,79,geography_level_3,e77f818445598d8b37ebda4c72645900,product_level_2,45fe7a01980958e559fa0473c20c8c58
415,6d821fb3a350f30a5d414a773ea7e225,2021-03-01,182,geography_level_3,e77f818445598d8b37ebda4c72645900,product_level_2,6c46c9c5d3ef936b4c8d6d8f9851e837
416,8d4bd89511404ace84e5006b05091dc6,2021-03-01,74,geography_level_3,e77f818445598d8b37ebda4c72645900,product_level_2,93a97f63f0a573483d49c58dc02c1341
417,ffddc0dbb7fa28b00a5b6ddc8e7e317c,2021-03-01,79,geography_level_3,e77f818445598d8b37ebda4c72645900,product_level_2,ba569a9ecbaa99645f9baf060d5061e7
420,7efc25c0d9ca2fb1d63925d4208756a8,2021-03-01,103,geography_level_3,ee0ae2cafd8346e7e74950a6a6271a71,product_level_2,45fe7a01980958e559fa0473c20c8c58
421,9d62a7ab2a5e5c29650f801d11662166,2021-03-01,228,geography_level_3,ee0ae2cafd8346e7e74950a6a6271a71,product_level_2,6c46c9c5d3ef936b4c8d6d8f9851e837
422,e6686477543f4c262e1d8351053f9fe0,2021-03-01,295,geography_level_3,ee0ae2cafd8346e7e74950a6a6271a71,product_level_2,93a97f63f0a573483d49c58dc02c1341
423,bf2fa572fab7d082c18ef122698c11b6,2021-03-01,162,geography_level_3,ee0ae2cafd8346e7e74950a6a6271a71,product_level_2,579cf4cbf3d63c78deffc623c0de643f
426,0540e76625e5b62e3347bde9fc57741f,2021-03-01,36,geography_level_3,d3124b174629399de2f6417e109b3fc3,product_level_2,1807ffa2c1c84035f4346c3364104dd1
427,f81b036518f8e43bcffbd4c68a5b7c85,2021-03-01,99,geography_level_3,d3124b174629399de2f6417e109b3fc3,product_level_2,45fe7a01980958e559fa0473c20c8c58
428,327a340a41e8a1a544e923c865e5f89e,2021-03-01,664,geography_level_3,d3124b174629399de2f6417e109b3fc3,product_level_2,6c46c9c5d3ef936b4c8d6d8f9851e837
431,50c7e81ac5d551c573904da2815a0dff,2021-03-01,29,geography_level_3,82d2e641c36d5147fc00ef92eb6eeac9,product_level_2,814119e4a116199cf494768f31987158
433,8b2dddbc7bd3ca930f07df2c0b1f05b1,2021-03-01,196,geography_level_3,82d2e641c36d5147fc00ef92eb6eeac9,product_level_2,a95738cb3a3c4236b858683b406dea98
434,206d9cc1a5f2ede760910e6dd4440fd2,2021-03-01,522,geography_level_3,82d2e641c36d5147fc00ef92eb6eeac9,product_level_2,1807ffa2c1c84035f4346c3364104dd1
435,014a3a361546e92efe93ec6b8f35ebdd,2021-03-01,1961,geography_level_3,82d2e641c36d5147fc00ef92eb6eeac9,product_level_2,45fe7a01980958e559fa0473c20c8c58
436,7c775ccf082f800b95cfaf2aa9cc4cee,2021-03-01,84,geography_level_3,864338bf8cf4708126b6fa4bf680c111,product_level_2,ba569a9ecbaa99645f9baf060d5061e7
437,1cb3a08ce04fe7c074bc7b3e08376fef,2021-03-01,99,geography_level_3,864338bf8cf4708126b6fa4bf680c111,product_level_2,6c46c9c5d3ef936b4c8d6d8f9851e837
438,559d55c78e3519c9bb2e34e40af0db90,2021-03-01,35,geography_level_3,864338bf8cf4708126b6fa4bf680c111,product_level_2,45fe7a01980958e559fa0473c20c8c58
441,8cd29d6ecbdd8a545e27de7d5a181fea,2021-03-01,111,geography_level_3,af04e3e5da488f5ca9b5d1d4ce04ebaa,product_level_2,93a97f63f0a573483d49c58dc02c1341
442,46c676232eb78bb625e8daa0adb61cae,2021-03-01,14,geography_level_3,af04e3e5da488f5ca9b5d1d4ce04ebaa,product_level_2,579cf4cbf3d63c78deffc623c0de643f
443,2ed44f37ba178399f04eccb01d71ea76,2021-03-01,363,geography_level_3,e495ef918e04c7e781faefb8dc5e6e40,product_level_2,814119e4a116199cf494768f31987158
445,fcc445c33d0d6b3a3b66b9e35fec52a0,2021-03-01,1874,geography_level_3,e495ef918e04c7e781faefb8dc5e6e40,product_level_2,db9e166331f89037c1b3590adfaa18d4
447,74ab73b2f7b09d1fb371a4b335dc8a8e,2021-03-01,913,geography_level_3,fcf14a475e65540c7577370bf438b091,product_level_2,814119e4a116199cf494768f31987158
448,d58d04097c24c8d63ca21884850e08e6,2021-03-01,427,geography_level_3,fcf14a475e65540c7577370bf438b091,product_level_2,450a7d37ed3260ce3e9ea79cc40f11a5
450,86b6e30332aae23fd77b146f410d68f3,2021-03-01,44,geography_level_3,b56dd155fe7d2d62768bfad2b9272670,product_level_2,814119e4a116199cf494768f31987158
451,38f562f6fcad9bd789ea6e67aa1b0db1,2021-03-01,63,geography_level_3,b56dd155fe7d2d62768bfad2b9272670,product_level_2,450a7d37ed3260ce3e9ea79cc40f11a5
452,3f4f50d1e42d9a09cc823a44456f3e2f,2021-03-01,120,geography_level_3,b0597a38e8a1100ec75120dddcb61f01,product_level_2,1807ffa2c1c84035f4346c3364104dd1
453,6e5214167877bb1935d8746da9204645,2021-03-01,2,geography_level_3,b56dd155fe7d2d62768bfad2b9272670,product_level_2,db9e166331f89037c1b3590adfaa18d4
454,40178c1d79287684481a61c2b41f63c9,2021-03-01,651,geography_level_3,4e5fb4df7b78bfd5213a71b1f7c055a4,product_level_2,814119e4a116199cf494768f31987158
455,7f83f36a4302602d73b34b6b5ff0d5c6,2021-03-01,106,geography_level_3,4e5fb4df7b78bfd5213a71b1f7c055a4,product_level_2,450a7d37ed3260ce3e9ea79cc40f11a5
459,512df4af7b5b0324c31d048b842552a9,2021-03-01,577,geography_level_3,4e5fb4df7b78bfd5213a71b1f7c055a4,product_level_2,579cf4cbf3d63c78deffc623c0de643f
461,d84b7e5a0cef47105956a15e6c60f77c,2021-03-01,4,geography_level_3,c224b81af83bcaec5ec3e441fcdf86ae,product_level_2,1807ffa2c1c84035f4346c3364104dd1
462,c858385963530a41bb6fb7f8947aa614,2021-03-01,34,geography_level_3,c224b81af83bcaec5ec3e441fcdf86ae,product_level_2,6c46c9c5d3ef936b4c8d6d8f9851e837
464,c92c0dea50e9e1a481fba9e7a261a53f,2021-03-01,121,geography_level_3,864338bf8cf4708126b6fa4bf680c111,product_level_2,3241cf89eaf210f13321fe6280c7d172
465,00b81e9b086c6b44253d552452b5eaf2,2021-03-01,36,geography_level_3,864338bf8cf4708126b6fa4bf680c111,product_level_2,a95738cb3a3c4236b858683b406dea98
466,089121ea8aafc10a9f31777b0d17c379,2021-03-01,117,geography_level_3,4e5fb4df7b78bfd5213a71b1f7c055a4,product_level_2,814119e4a116199cf494768f31987158
467,510ec1b8fc7b11eb8c0e524ad8b0f15f,2021-03-01,56,geography_level_3,55536ba3606ef023932f9532b11797a5,product_level_2,1807ffa2c1c84035f4346c3364104dd1
470,109aa235b33a01e09e5080f4cca5839d,2021-03-01,39,geography_level_3,82d2e641c36d5147fc00ef92eb6eeac9,product_level_2,5cc8015f03554313900f069182bdaf9c
473,575cec8f8e5742277ea063ab1f4818e1,2021-03-01,3830,geography_level_3,11407e1f167b84f374d9e999a1ed9563,product_level_2,5cc8015f03554313900f069182bdaf9c
474,9ba5b65c7dce41caa758123ad33ad6c1,2021-03-01,4585,geography_level_3,c22caf17e6d3e86f4ac0d7a603a4d5a6,product_level_2,5cc8015f03554313900f069182bdaf9c
475,3d5875f1e22ade1b5fa56e7cff4c7fec,2021-03-01,265,geography_level_3,46cf2a1545bea6ad9ef79bf82866b21f,product_level_2,5cc8015f03554313900f069182bdaf9c
476,9f887a849ff9a7f125a8226cfc0f1654,2021-03-01,2515,geography_level_3,22ec2860549baef5c3e9af46967a3e1d,product_level_2,5cc8015f03554313900f069182bdaf9c
479,326cb18b045e5baefa90bbc2e8d52a32,2021-03-01,2018,geography_level_3,60de5fa40aaaf2850711bc5269f91476,product_level_2,5cc8015f03554313900f069182bdaf9c
480,4d3ca213b639541c5ba4cf8a69b1e1ed,2021-03-01,216,geography_level_3,7ac6047d36cb2b463fc6b483cc32da60,product_level_2,5cc8015f03554313900f069182bdaf9c
481,f2c11b870ed4d03663f79203241eaca7,2021-03-01,96,geography_level_3,94fa0f35673c82f74ce21ee9a42dbe9e,product_level_2,5cc8015f03554313900f069182bdaf9c
483,02cd5088774774918b324c6642488a9c,2021-03-01,27,geography_level_3,c704db10d5ccedf4d993d7456278332f,product_level_2,5cc8015f03554313900f069182bdaf9c
485,b41c234b2cc3e9ee5c36ad10168f1915,2021-03-01,3983,geography_level_3,dd45118031e9d2daafadd23195d04899,product_level_2,5cc8015f03554313900f069182bdaf9c
488,5e2cf853b9d2b4859d0d3b848303fa64,2021-03-01,1576,geography_level_3,55704d1433a3abadfcbdd5b0befae53b,product_level_2,5cc8015f03554313900f069182bdaf9c
489,1f051603fd6d1d9f1aed4e0cb9b22538,2021-03-01,283,geography_level_3,dd45118031e9d2daafadd23195d04899,product_level_2,5cc8015f03554313900f069182bdaf9c
491,fdea7f65f3935920dd8c74f3dd7ca74b,2021-03-01,512,geography_level_3,e37d1fd37c8c4988c46b5152e0d6087d,product_level_2,5cc8015f03554313900f069182bdaf9c
492,e9381006a678c5c392062fdc807d3270,2021-03-01,182,geography_level_3,70b35aead2dac30735d3e5897b287d03,product_level_2,5cc8015f03554313900f069182bdaf9c
494,e6f0878d35ce6eee2f5573df124eb154,2021-03-01,2185,geography_level_3,60de5fa40aaaf2850711bc5269f91476,product_level_2,5cc8015f03554313900f069182bdaf9c
495,708cee7508be849d7bad5b4dd6460e75,2021-03-01,1630,geography_level_3,11407e1f167b84f374d9e999a1ed9563,product_level_2,ae7d2d22786beebc5981b93c226e2aba
496,14c2ef19bb1cb258ed857cb43b6d6606,2021-03-01,1599,geography_level_3,fcf14a475e65540c7577370bf438b091,product_level_2,5cc8015f03554313900f069182bdaf9c
498,965e2336e5f772d5f5476b8168aa2fbb,2021-03-01,4621,geography_level_3,11407e1f167b84f374d9e999a1ed9563,product_level_2,ae7d2d22786beebc5981b93c226e2aba
499,94c66b4908d42bc5dce8578144d21b33,2021-03-01,1735,geography_level_3,364ee4866c1e0b8c66a5c82e52d49a41,product_level_2,5cc8015f03554313900f069182bdaf9c
502,29d1252cea047eadafdcd305e4d4884c,2021-03-01,1856,geography_level_3,39a8345be72b8ff2f30e29dc836d7e12,product_level_2,5cc8015f03554313900f069182bdaf9c
506,b680ba1066fea88419e395ade3ddb125,2021-03-01,161,geography_level_3,c22caf17e6d3e86f4ac0d7a603a4d5a6,product_level_2,5cc8015f03554313900f069182bdaf9c
507,6d993338e26ab71e9e3f24f52401d67c,2021-03-01,99,geography_level_3,22ec2860549baef5c3e9af46967a3e1d,product_level_2,5cc8015f03554313900f069182bdaf9c
509,184fda2ad9bd18a5d4fd1613ce9b8af5,2021-03-01,64,geography_level_3,79fd843dc0fb0d570ec0f9415cbc989d,product_level_2,5cc8015f03554313900f069182bdaf9c
510,c6f0033ff3fd149682860a23015c3fec,2021-03-01,715,geography_level_3,b0597a38e8a1100ec75120dddcb61f01,product_level_2,5cc8015f03554313900f069182bdaf9c
511,cc30a5102c041bbb1f17d3e4891b6193,2021-03-01,61,geography_level_3,d6413663cb130f6cd1fda4a90fbbbd8f,product_level_2,5cc8015f03554313900f069182bdaf9c
514,6bfe7ccc619ffc08d427ae1dd02601a1,2021-03-01,50,geography_level_3,50cebc1429231eda4384a84ca4deb751,product_level_2,ae7d2d22786beebc5981b93c226e2aba
515,80194b00bd41294cdad675c77f4a3d8e,2021-03-01,693,geography_level_3,af04e3e5da488f5ca9b5d1d4ce04ebaa,product_level_2,5cc8015f03554313900f069182bdaf9c
517,f213978178916eb58b74c1fdfde044ff,2021-03-01,2349,geography_level_3,52b9c00ab15c967f2f49c5605800fef5,product_level_2,5cc8015f03554313900f069182bdaf9c
518,7dd28808793e67c411382ac46625f4ab,2021-03-01,2550,geography_level_3,436375e3db6317a2d02ebdedb777452d,product_level_2,5cc8015f03554313900f069182bdaf9c
519,d1dae0ff07a164b729f3c032a21e8e1a,2021-03-01,3373,geography_level_3,50cebc1429231eda4384a84ca4deb751,product_level_2,5cc8015f03554313900f069182bdaf9c
520,bf7701bc211c2ecc4314ca02f6ef1cef,2021-03-01,960,geography_level_3,ee0ae2cafd8346e7e74950a6a6271a71,product_level_2,5cc8015f03554313900f069182bdaf9c
521,3bf995f20d2c218021a05ad3a07d433d,2021-03-01,1253,geography_level_3,ee0ae2cafd8346e7e74950a6a6271a71,product_level_2,5cc8015f03554313900f069182bdaf9c
522,fc136fddfa9df8b0577e9e44c776a5d9,2021-03-01,1542,geography_level_3,ee0ae2cafd8346e7e74950a6a6271a71,product_level_2,5cc8015f03554313900f069182bdaf9c
524,fc0894a654949ee8f7876f9146eb6d76,2021-03-01,5343,geography_level_3,11407e1f167b84f374d9e999a1ed9563,product_level_2,5cc8015f03554313900f069182bdaf9c
525,b4a36c3e7a5034285ed22e7fa8f31c3e,2021-03-01,2295,geography_level_3,364ee4866c1e0b8c66a5c82e52d49a41,product_level_2,5cc8015f03554313900f069182bdaf9c
526,131bd106cdd38cafb8e6e460fc8aa68a,2021-03-01,2693,geography_level_3,fcf14a475e65540c7577370bf438b091,product_level_2,5cc8015f03554313900f069182bdaf9c
527,bdab5862500f45c25b6a6b216316219d,2021-03-01,47,geography_level_3,55536ba3606ef023932f9532b11797a5,product_level_2,646f301a50470456f3e7793f6b16ca76
528,ba678cfc7cce8504330e3371fcc1b27f,2021-03-01,77,geography_level_3,6f613c88f6435d0e8f47eee574804e6c,product_level_2,1de8e43efce0cb9161ac2093f75166c8
529,59f2aa36f0122e9db5f4df85ca7c6a7d,2021-03-01,83,geography_level_3,e60518d19f0550fd8fd7d33f529a8b5e,product_level_2,95feb3e180f99fa2f9908030bc02ac48
530,c339194951cfeafb602ecb480398b553,2021-03-01,31,geography_level_3,e60518d19f0550fd8fd7d33f529a8b5e,product_level_2,646f301a50470456f3e7793f6b16ca76
531,d26fead3a49560f0d3ff8a931a46f7f5,2021-03-01,55,geography_level_3,e60518d19f0550fd8fd7d33f529a8b5e,product_level_2,1de8e43efce0cb9161ac2093f75166c8
535,97c832a49482948b1ebf544a3cccb25b,2021-03-01,225,geography_level_3,70a676d52f1f61781eca038528be816d,product_level_2,1de8e43efce0cb9161ac2093f75166c8
538,1731f2295519eaa0b01c4de6b4250d3a,2021-03-01,125,geography_level_3,70a676d52f1f61781eca038528be816d,product_level_2,1de8e43efce0cb9161ac2093f75166c8
539,52efc1dfe202fa05c9b7f87711dead95,2021-03-01,4,geography_level_3,70a676d52f1f61781eca038528be816d,product_level_2,1de8e43efce0cb9161ac2093f75166c8
541,9e96aa93104748055a89c8ce6be12208,2021-03-01,26,geography_level_3,70a676d52f1f61781eca038528be816d,product_level_2,646f301a50470456f3e7793f6b16ca76
542,73d430876cc9a6eafa5bccd1a8253473,2021-03-01,253,geography_level_3,70a676d52f1f61781eca038528be816d,product_level_2,1de8e43efce0cb9161ac2093f75166c8
544,f28539a32ca5bdb3f5f7901ac9044913,2021-03-01,502,geography_level_3,7b61250107b0ab94a35b9b80168df40d,product_level_2,95feb3e180f99fa2f9908030bc02ac48
545,801f4333a58d8123608665c7b1b060bb,2021-03-01,529,geography_level_3,7b61250107b0ab94a35b9b80168df40d,product_level_2,646f301a50470456f3e7793f6b16ca76
546,fb49a20a9a4942d3a6bc05c153e94213,2021-03-01,77,geography_level_3,7b61250107b0ab94a35b9b80168df40d,product_level_2,1de8e43efce0cb9161ac2093f75166c8
547,0efede250ca3d05f9d4cc3609242d804,2021-03-01,325,geography_level_3,7b61250107b0ab94a35b9b80168df40d,product_level_2,1de8e43efce0cb9161ac2093f75166c8
548,a33b6896121d1886c9434f2181a29074,2021-03-01,1609,geography_level_3,7b61250107b0ab94a35b9b80168df40d,product_level_2,95feb3e180f99fa2f9908030bc02ac48
550,f4e91525b589ce1a9afe75a72e767040,2021-03-01,531,geography_level_3,7b61250107b0ab94a35b9b80168df40d,product_level_2,1de8e43efce0cb9161ac2093f75166c8
551,824c42a3b57ca9cacd68ce90ae962dd9,2021-03-01,87,geography_level_3,ec258532d911270434f328606cba61b6,product_level_2,1de8e43efce0cb9161ac2093f75166c8
553,0178ba794692d930832895d7aae30ae0,2021-03-01,54,geography_level_3,6f613c88f6435d0e8f47eee574804e6c,product_level_2,646f301a50470456f3e7793f6b16ca76
555,cf06edaca066301163d89ab63032156e,2021-03-01,150,geography_level_3,6f613c88f6435d0e8f47eee574804e6c,product_level_2,95feb3e180f99fa2f9908030bc02ac48
556,1e80c228c3055b1029e2bd59c3541893,2021-03-01,5,geography_level_3,6e22fd2ff7cfc0a02dc8e230e94e16a6,product_level_2,646f301a50470456f3e7793f6b16ca76
557,2c176fbf54aa20dfcce835456fdc3651,2021-03-01,16,geography_level_3,55536ba3606ef023932f9532b11797a5,product_level_2,1de8e43efce0cb9161ac2093f75166c8
558,2e09fa8bb3d01754d6dbf1733417cf17,2021-03-01,101,geography_level_3,557bc4db3ebfa9a39c242079d6015dd8,product_level_2,95feb3e180f99fa2f9908030bc02ac48
559,270f0330fb60c9cd545df13394db06ee,2021-03-01,20,geography_level_3,557bc4db3ebfa9a39c242079d6015dd8,product_level_2,646f301a50470456f3e7793f6b16ca76
561,29039f9405fcd50ffe8292e29b7f6657,2021-03-01,105,geography_level_3,cfcb575b4a1fc05255ef88307ffbeaa9,product_level_2,95feb3e180f99fa2f9908030bc02ac48
562,a75ea3b51da12b6aef5ae2ffa164aa42,2021-03-01,57,geography_level_3,cfcb575b4a1fc05255ef88307ffbeaa9,product_level_2,646f301a50470456f3e7793f6b16ca76
563,6008b9b7961be9b8a104104f5e5b4a45,2021-03-01,36,geography_level_3,cfcb575b4a1fc05255ef88307ffbeaa9,product_level_2,1de8e43efce0cb9161ac2093f75166c8
564,11208d17e7fa471bd8c2b933928ce5f2,2021-03-01,124,geography_level_3,cfcb575b4a1fc05255ef88307ffbeaa9,product_level_2,95feb3e180f99fa2f9908030bc02ac48
566,0fdebf7cf638cb35b5547019a4251f20,2021-03-01,160,geography_level_3,3f4f7017fa0708fc899d89c851d1a5de,product_level_2,95feb3e180f99fa2f9908030bc02ac48
567,a49091ee6e9b3150304e5d23640cbd95,2021-03-01,39,geography_level_3,3f4f7017fa0708fc899d89c851d1a5de,product_level_2,646f301a50470456f3e7793f6b16ca76
569,497775c0a71c5c12dd1a1f2e133885bb,2021-03-01,95,geography_level_3,3f4f7017fa0708fc899d89c851d1a5de,product_level_2,95feb3e180f99fa2f9908030bc02ac48
570,05e57068aebed7497f67ace6025434e7,2021-03-01,18,geography_level_3,3f4f7017fa0708fc899d89c851d1a5de,product_level_2,646f301a50470456f3e7793f6b16ca76
571,e3d3f588a1370a53a8cf7fbfa106578d,2021-03-01,65,geography_level_3,81b55678c362384058b1536471412c48,product_level_2,646f301a50470456f3e7793f6b16ca76
572,f40a684da926b80755e1f9eb9055ede5,2021-03-01,138,geography_level_3,81b55678c362384058b1536471412c48,product_level_2,1de8e43efce0cb9161ac2093f75166c8
574,5407c145046d1e8871eea3f527731fc7,2021-03-01,8,geography_level_3,030144dfbae4a534187b5268c61003d7,product_level_2,646f301a50470456f3e7793f6b16ca76
578,283e7fc13b6cdd5a85deeb9a07bfabea,2021-03-01,11,geography_level_3,de6d760cf1aac2523f6dd3794e611f5d,product_level_2,646f301a50470456f3e7793f6b16ca76
579,2bab5e492dd52d72b8d9f15bd9063009,2021-03-01,5,geography_level_3,de6d760cf1aac2523f6dd3794e611f5d,product_level_2,1de8e43efce0cb9161ac2093f75166c8
580,fe994bc0a7241fe686a2eeee39cd2695,2021-03-01,12,geography_level_3,6e22fd2ff7cfc0a02dc8e230e94e16a6,product_level_2,95feb3e180f99fa2f9908030bc02ac48
581,bea50d090733cbf4f94e99398eaf8de2,2021-03-01,5,geography_level_3,6e22fd2ff7cfc0a02dc8e230e94e16a6,product_level_2,1de8e43efce0cb9161ac2093f75166c8
582,5ad2548f971bb5f9af3d1a36a7800d26,2021-03-01,1073,geography_level_3,07a477a6ed5cbdba0e1eb3f497960e8f,product_level_2,ae7d2d22786beebc5981b93c226e2aba
585,71c3e517ff70664e79a7dcd75e6e1dc9,2021-03-01,29,geography_level_3,7b61250107b0ab94a35b9b80168df40d,product_level_2,b04c1602cb78c1c4cf72dd7c0ce7d837
588,fbba9f6ac85c02d3289c69f2934e3b2a,2021-03-01,5,geography_level_3,239f3643e0162a369985140f011d43d3,product_level_2,be55b932f63b0feda2a190154290d4aa
589,2d6951ca8568bf3d3c50064179206842,2021-03-01,1,geography_level_3,94fa0f35673c82f74ce21ee9a42dbe9e,product_level_2,b04c1602cb78c1c4cf72dd7c0ce7d837
591,1fec6bed2b768c10535793574ce02c1e,2021-03-01,9,geography_level_3,3682d07276ccce42b942a83cd8645c34,product_level_2,b04c1602cb78c1c4cf72dd7c0ce7d837
593,24ab65fa26a75084e1d376f389396f04,2021-03-01,1,geography_level_3,0b41e006d801550cba4c38157729bf87,product_level_2,b04c1602cb78c1c4cf72dd7c0ce7d837
594,0ed200398451110389a01e660ba98e47,2021-03-01,52,geography_level_3,0b41e006d801550cba4c38157729bf87,product_level_2,be55b932f63b0feda2a190154290d4aa
596,7fffcb4b100476f0ab61be6691abcb72,2021-03-01,4,geography_level_3,70b35aead2dac30735d3e5897b287d03,product_level_2,be55b932f63b0feda2a190154290d4aa
597,b3f32e02cae9388022f4d06a91311030,2021-03-01,0,geography_level_3,e37d1fd37c8c4988c46b5152e0d6087d,product_level_2,b04c1602cb78c1c4cf72dd7c0ce7d837
599,d9eb7971e67918637ccc539abe350cf8,2021-03-01,7,geography_level_3,7ac6047d36cb2b463fc6b483cc32da60,product_level_2,b04c1602cb78c1c4cf72dd7c0ce7d837
600,450d347bfcecaca1001019c407af05ba,2021-03-01,25,geography_level_3,7ac6047d36cb2b463fc6b483cc32da60,product_level_2,be55b932f63b0feda2a190154290d4aa
601,560c09826b89f1190b5c042b3c2a5dad,2021-03-01,3,geography_level_3,3d5d1635712ad6bffe1b82e9d34b1c24,product_level_2,b04c1602cb78c1c4cf72dd7c0ce7d837
602,8a034fc20254a4f99f9e50d57ebedf46,2021-03-01,11,geography_level_3,3d5d1635712ad6bffe1b82e9d34b1c24,product_level_2,be55b932f63b0feda2a190154290d4aa
604,b38e2f255ee4802f12799043d42ded68,2021-03-01,32,geography_level_3,b0597a38e8a1100ec75120dddcb61f01,product_level_2,be55b932f63b0feda2a190154290d4aa
608,22070d5ab49dbc8ec50e893dafcde106,2021-03-01,9,geography_level_3,79fd843dc0fb0d570ec0f9415cbc989d,product_level_2,be55b932f63b0feda2a190154290d4aa
610,bc854e965f1c3158db0ccc1d7c598d1e,2021-03-01,81,geography_level_3,ec258532d911270434f328606cba61b6,product_level_2,be55b932f63b0feda2a190154290d4aa
611,b953b2d7bdbd29440515ff2ea4e968da,2021-03-01,1,geography_level_3,af04e3e5da488f5ca9b5d1d4ce04ebaa,product_level_2,be55b932f63b0feda2a190154290d4aa
614,062c7355c9401311ab23a54c8dc2d6e1,2021-03-01,89,geography_level_3,55536ba3606ef023932f9532b11797a5,product_level_2,814119e4a116199cf494768f31987158
615,518f38e512d1873aec3ec4750268b9b3,2021-03-01,4,geography_level_3,143c7c36a05254135b45911c609d8c78,product_level_2,b04c1602cb78c1c4cf72dd7c0ce7d837
616,a368515c631d217008c228a430413263,2021-03-01,39,geography_level_3,143c7c36a05254135b45911c609d8c78,product_level_2,be55b932f63b0feda2a190154290d4aa
617,316b9c0bbb532b529dd03cc7f695afc9,2021-03-01,0,geography_level_3,b55d6f976871ef58e585e8c25f3689e7,product_level_2,b04c1602cb78c1c4cf72dd7c0ce7d837
618,260025548dd39f2422a39eefbb05038b,2021-03-01,0,geography_level_3,b55d6f976871ef58e585e8c25f3689e7,product_level_2,be55b932f63b0feda2a190154290d4aa
619,4e2d7b463d1ed954543607a130b1509f,2021-03-01,17,geography_level_3,b55d6f976871ef58e585e8c25f3689e7,product_level_2,b04c1602cb78c1c4cf72dd7c0ce7d837
620,fc128e3dd11e25d61c9795fe391c142d,2021-03-01,85,geography_level_3,b55d6f976871ef58e585e8c25f3689e7,product_level_2,be55b932f63b0feda2a190154290d4aa
621,89a7f08ee45a265a6b43724323eb76a4,2021-03-01,5,geography_level_3,147c62a8f5acb0899e59893e821eb619,product_level_2,b04c1602cb78c1c4cf72dd7c0ce7d837
622,eba56f778ec03b76a22b0bb2c635ab4f,2021-03-01,28,geography_level_3,147c62a8f5acb0899e59893e821eb619,product_level_2,be55b932f63b0feda2a190154290d4aa
623,d4b7b56eb7209d9918fd3ac861436d13,2021-03-01,1,geography_level_3,557bc4db3ebfa9a39c242079d6015dd8,product_level_2,b04c1602cb78c1c4cf72dd7c0ce7d837
625,1d25cec381a42b802338d0f5c1207a42,2021-03-01,15,geography_level_3,557bc4db3ebfa9a39c242079d6015dd8,product_level_2,be55b932f63b0feda2a190154290d4aa
626,df6fc6f7789e5e781e8c65523bb8fc17,2021-03-01,34,geography_level_3,557bc4db3ebfa9a39c242079d6015dd8,product_level_2,be55b932f63b0feda2a190154290d4aa
627,a3d0070ebf3d9a4c1bc1d57912d892e9,2021-03-01,6,geography_level_3,dd45118031e9d2daafadd23195d04899,product_level_2,b04c1602cb78c1c4cf72dd7c0ce7d837
628,35b1f6b68f10f9e37295fca128cb10b6,2021-03-01,30,geography_level_3,dd45118031e9d2daafadd23195d04899,product_level_2,be55b932f63b0feda2a190154290d4aa
630,949d9e1ccba1d583e58c4dcd20034454,2021-03-01,289,geography_level_3,11407e1f167b84f374d9e999a1ed9563,product_level_2,be55b932f63b0feda2a190154290d4aa
631,acb5c3e271ff81469251285b97af30cc,2021-03-01,2,geography_level_3,71c115abc5c045dfea887565abcfcf04,product_level_2,b04c1602cb78c1c4cf72dd7c0ce7d837
633,4773f81c82bacd3fdea9b306d2adae75,2021-03-01,6,geography_level_3,d3124b174629399de2f6417e109b3fc3,product_level_2,b04c1602cb78c1c4cf72dd7c0ce7d837
634,d4457d3854301ee3c80d57c506a8bfcc,2021-03-01,3,geography_level_3,82d2e641c36d5147fc00ef92eb6eeac9,product_level_2,b04c1602cb78c1c4cf72dd7c0ce7d837
635,9a5937b872439372f2dc766e7d7955db,2021-03-01,26,geography_level_3,82d2e641c36d5147fc00ef92eb6eeac9,product_level_2,b04c1602cb78c1c4cf72dd7c0ce7d837
636,4e8d9f5322ec7097450dd72c085e82b6,2021-03-01,49,geography_level_3,82d2e641c36d5147fc00ef92eb6eeac9,product_level_2,b04c1602cb78c1c4cf72dd7c0ce7d837
639,2a24a4544798bfb68f108883510b11f4,2021-03-01,60,geography_level_3,af04e3e5da488f5ca9b5d1d4ce04ebaa,product_level_2,b04c1602cb78c1c4cf72dd7c0ce7d837
640,cd5e30e5f29ff9eb03d5be4380518e1a,2021-03-01,165,geography_level_3,af04e3e5da488f5ca9b5d1d4ce04ebaa,product_level_2,be55b932f63b0feda2a190154290d4aa
641,392aaa20e70b4d7539cc7a2e09562521,2021-03-01,1,geography_level_3,e77875a9e01c74e943c9ed3c346d1034,product_level_2,b04c1602cb78c1c4cf72dd7c0ce7d837
642,f190ec174bc0cfd736868faf88640654,2021-03-01,4,geography_level_3,81b55678c362384058b1536471412c48,product_level_2,5cc8015f03554313900f069182bdaf9c
643,1bdfb6a026fdc704530f4a8f051372f0,2021-03-01,39,geography_level_3,030144dfbae4a534187b5268c61003d7,product_level_2,5cc8015f03554313900f069182bdaf9c
644,76c8cb1219762e3333a1fa4593e661bf,2021-03-01,95,geography_level_3,6e22fd2ff7cfc0a02dc8e230e94e16a6,product_level_2,5cc8015f03554313900f069182bdaf9c
645,5f6f8792ad750dc625bb588cf1543def,2021-03-01,337,geography_level_3,6f613c88f6435d0e8f47eee574804e6c,product_level_2,5cc8015f03554313900f069182bdaf9c
646,6a5afab567e48f4f76449938fde7b110,2021-03-01,8,geography_level_3,d18cac7bd320785b2ac53b1715e7146a,product_level_2,5cc8015f03554313900f069182bdaf9c
647,e2a9c9b652bca2bb1f6d6ced5270f5ce,2021-03-01,579,geography_level_3,70a676d52f1f61781eca038528be816d,product_level_2,5cc8015f03554313900f069182bdaf9c
649,a82074d4b56a567164164fe4d5f36bc6,2021-03-01,2797,geography_level_3,ec258532d911270434f328606cba61b6,product_level_2,5cc8015f03554313900f069182bdaf9c
650,9cbfa893d87bd9a8d0eda0c771f05dda,2021-03-01,2991,geography_level_3,7b61250107b0ab94a35b9b80168df40d,product_level_2,5cc8015f03554313900f069182bdaf9c
651,d6fa82e419d8c8675edf8cecf18f42e8,2021-03-01,3510,geography_level_3,ec258532d911270434f328606cba61b6,product_level_2,5cc8015f03554313900f069182bdaf9c
652,b973094393eae680766fa9db100285af,2021-03-01,3394,geography_level_3,ec258532d911270434f328606cba61b6,product_level_2,5cc8015f03554313900f069182bdaf9c
657,06531cd4188630ce2497cd9983aacf5e,2021-03-01,498,geography_level_3,5f82497e6ba74177eacda9f48d2ebb8f,product_level_2,5cc8015f03554313900f069182bdaf9c
658,6ed4341ad9d2902873f3d9272f5f4df1,2021-03-01,116,geography_level_3,36ab7b000da26b0547bfc3c3fdf143dc,product_level_2,5cc8015f03554313900f069182bdaf9c
659,9b8f48bacb1a63612f3a210ccc6286cc,2021-03-01,1327,geography_level_3,36ab7b000da26b0547bfc3c3fdf143dc,product_level_2,5cc8015f03554313900f069182bdaf9c
661,04b155599672da2f35abd187df4b7d3f,2021-03-01,877,geography_level_3,36ab7b000da26b0547bfc3c3fdf143dc,product_level_2,ae7d2d22786beebc5981b93c226e2aba
663,c667afe1760f1e611bbf1429a4d324c4,2021-03-01,4813,geography_level_3,07a477a6ed5cbdba0e1eb3f497960e8f,product_level_2,ae7d2d22786beebc5981b93c226e2aba
664,7e76fdf9e6f1ed08e421261368a460d2,2021-03-01,3536,geography_level_3,07a477a6ed5cbdba0e1eb3f497960e8f,product_level_2,ae7d2d22786beebc5981b93c226e2aba
665,ae67f5e4287ff7150af43f5267c2ea40,2021-03-01,3477,geography_level_3,e77875a9e01c74e943c9ed3c346d1034,product_level_2,5cc8015f03554313900f069182bdaf9c
666,fe4f38aecc1c0c2c6b4a04e1528cdf55,2021-03-01,1751,geography_level_3,364ee4866c1e0b8c66a5c82e52d49a41,product_level_2,5cc8015f03554313900f069182bdaf9c
667,86da5b7fa71aa47d248b3651211d705a,2021-03-01,863,geography_level_3,cfcb575b4a1fc05255ef88307ffbeaa9,product_level_2,5cc8015f03554313900f069182bdaf9c
668,e650b4cc581f2287ab94fab63e3811ef,2021-03-01,971,geography_level_3,557bc4db3ebfa9a39c242079d6015dd8,product_level_2,5cc8015f03554313900f069182bdaf9c
669,a8c983914f5aaa9c87e61a5fe7b72d4e,2021-03-01,682,geography_level_3,55536ba3606ef023932f9532b11797a5,product_level_2,5cc8015f03554313900f069182bdaf9c
670,a4a106d93c04176b9c3ebd4021f43936,2021-03-01,1,geography_level_3,c704db10d5ccedf4d993d7456278332f,product_level_2,be55b932f63b0feda2a190154290d4aa
671,15bc6c90c33d176cd359fdca04f65b24,2021-03-01,4,geography_level_3,e77875a9e01c74e943c9ed3c346d1034,product_level_2,be55b932f63b0feda2a190154290d4aa
672,7b0d3987cb54dd19dbb0cee7f36dbfbd,2021-03-01,5,geography_level_3,e77875a9e01c74e943c9ed3c346d1034,product_level_2,b04c1602cb78c1c4cf72dd7c0ce7d837
674,e9abc1de6bd24d10ebe608959d0e5bac,2021-03-01,64,geography_level_3,07a477a6ed5cbdba0e1eb3f497960e8f,product_level_2,b04c1602cb78c1c4cf72dd7c0ce7d837
675,ce2c6512ea71296bf2d6a5f048142b3e,2021-03-01,226,geography_level_3,07a477a6ed5cbdba0e1eb3f497960e8f,product_level_2,be55b932f63b0feda2a190154290d4aa
676,5dbe225a546a680640eb5f7902b42cdd,2021-03-01,123,geography_level_3,07a477a6ed5cbdba0e1eb3f497960e8f,product_level_2,be55b932f63b0feda2a190154290d4aa
678,9002b3384e884befb81dfb78b581932e,2021-03-01,125,geography_level_3,50cebc1429231eda4384a84ca4deb751,product_level_2,be55b932f63b0feda2a190154290d4aa
679,24439a726c82f38b810ffba50fd1bb8b,2021-03-01,0,geography_level_3,52b9c00ab15c967f2f49c5605800fef5,product_level_2,b04c1602cb78c1c4cf72dd7c0ce7d837
680,169460bed3e665fed278715ff2b1adbd,2021-03-01,1,geography_level_3,52b9c00ab15c967f2f49c5605800fef5,product_level_2,be55b932f63b0feda2a190154290d4aa
681,fca573b76a8e2d75177f3438b5cc1a17,2021-03-01,29,geography_level_3,52b9c00ab15c967f2f49c5605800fef5,product_level_2,b04c1602cb78c1c4cf72dd7c0ce7d837
682,462c50e519f3c5360b277756fdaec123,2021-03-01,111,geography_level_3,52b9c00ab15c967f2f49c5605800fef5,product_level_2,b04c1602cb78c1c4cf72dd7c0ce7d837
683,a997dc7452bfdab8a04735fd97a7fa39,2021-03-01,732,geography_level_3,ec258532d911270434f328606cba61b6,product_level_2,646f301a50470456f3e7793f6b16ca76
684,4ca52ecd7e3c582bfcddf527de3d8452,2021-03-01,91,geography_level_3,52b9c00ab15c967f2f49c5605800fef5,product_level_2,be55b932f63b0feda2a190154290d4aa
685,ec0bc14d31cc1f9e7f45af51dd582ae3,2021-03-01,1,geography_level_3,364ee4866c1e0b8c66a5c82e52d49a41,product_level_2,b04c1602cb78c1c4cf72dd7c0ce7d837
686,d999d886b10c13bc77a266bbcf0fa820,2021-03-01,2,geography_level_3,364ee4866c1e0b8c66a5c82e52d49a41,product_level_2,be55b932f63b0feda2a190154290d4aa
687,036103887407ab1a29a425399460ef95,2021-03-01,88,geography_level_3,364ee4866c1e0b8c66a5c82e52d49a41,product_level_2,b04c1602cb78c1c4cf72dd7c0ce7d837
689,6232865ae8cdf7825d1959ac71639d4e,2021-03-01,0,geography_level_3,8c0f4757e1ff757e22a3eb96948a8868,product_level_2,b04c1602cb78c1c4cf72dd7c0ce7d837
690,a5cb9cd51fa70850154e2279a5979ab9,2021-03-01,6,geography_level_3,8c0f4757e1ff757e22a3eb96948a8868,product_level_2,b04c1602cb78c1c4cf72dd7c0ce7d837
691,b1116fffdc4608f9b7f00a5d6fa44d1f,2021-03-01,40,geography_level_3,8c0f4757e1ff757e22a3eb96948a8868,product_level_2,be55b932f63b0feda2a190154290d4aa
692,6cf509e7a5d87b434fe323582d8f6e05,2021-03-01,0,geography_level_3,6f613c88f6435d0e8f47eee574804e6c,product_level_2,b04c1602cb78c1c4cf72dd7c0ce7d837
693,8939a5e7cb692805d874c266ec29582c,2021-03-01,45,geography_level_3,6f613c88f6435d0e8f47eee574804e6c,product_level_2,be55b932f63b0feda2a190154290d4aa
694,983828400216f060071d11d5d8d159d4,2021-03-01,4,geography_level_3,5b3c3247df66a3361fad8da1f128d5f8,product_level_2,b04c1602cb78c1c4cf72dd7c0ce7d837
697,ac3e8321913074d6573c8a743dffb8f4,2021-03-01,212,geography_level_3,52b9c00ab15c967f2f49c5605800fef5,product_level_2,be55b932f63b0feda2a190154290d4aa
698,a44de9918b75441407c739782bee03c4,2021-03-01,187,geography_level_3,ec258532d911270434f328606cba61b6,product_level_2,1de8e43efce0cb9161ac2093f75166c8
699,9ed347c3394656d6dd75e72e22dfb75d,2021-03-01,53,geography_level_3,e77875a9e01c74e943c9ed3c346d1034,product_level_2,be55b932f63b0feda2a190154290d4aa
701,8f0267985925332ce155aa4f905e493d,2021-03-01,22,geography_level_3,b56dd155fe7d2d62768bfad2b9272670,product_level_2,95feb3e180f99fa2f9908030bc02ac48
703,27323c54d7e0f10adeb0ab68fa4e3e6c,2021-03-01,2,geography_level_3,b56dd155fe7d2d62768bfad2b9272670,product_level_2,646f301a50470456f3e7793f6b16ca76
704,40f45d67e16ffe5ae05c936ec8eb047b,2021-03-01,568,geography_level_3,4e5fb4df7b78bfd5213a71b1f7c055a4,product_level_2,95feb3e180f99fa2f9908030bc02ac48
705,75e17d5b3f6113ab461d4248b13efa6d,2021-03-01,257,geography_level_3,4e5fb4df7b78bfd5213a71b1f7c055a4,product_level_2,646f301a50470456f3e7793f6b16ca76
707,964ad5e42483ef0f3297471a1ecd28ca,2021-03-01,4,geography_level_3,c224b81af83bcaec5ec3e441fcdf86ae,product_level_2,1de8e43efce0cb9161ac2093f75166c8
708,e5942ec86cb63b91b22eddf5f9064272,2021-03-01,6,geography_level_3,864338bf8cf4708126b6fa4bf680c111,product_level_2,95feb3e180f99fa2f9908030bc02ac48
709,ac927a7ff1869dc2dc73d1d16d403184,2021-03-01,30,geography_level_3,864338bf8cf4708126b6fa4bf680c111,product_level_2,1de8e43efce0cb9161ac2093f75166c8
711,091e56749c44bef9f58eec0c9ed60280,2021-03-01,30,geography_level_3,e77f818445598d8b37ebda4c72645900,product_level_2,95feb3e180f99fa2f9908030bc02ac48
712,f5438e2eae441b33a3b24e5ad65f7e99,2021-03-01,3,geography_level_3,e77f818445598d8b37ebda4c72645900,product_level_2,646f301a50470456f3e7793f6b16ca76
714,d1e89ba3c401aaf09de9b5703676aec4,2021-03-01,84,geography_level_3,ee0ae2cafd8346e7e74950a6a6271a71,product_level_2,95feb3e180f99fa2f9908030bc02ac48
715,5a0435a235c32020debde9900d69b687,2021-03-01,14,geography_level_3,ee0ae2cafd8346e7e74950a6a6271a71,product_level_2,646f301a50470456f3e7793f6b16ca76
716,1db8fe74e8a74be409c6da39a0e9860c,2021-03-01,32,geography_level_3,ee0ae2cafd8346e7e74950a6a6271a71,product_level_2,1de8e43efce0cb9161ac2093f75166c8
717,6c3da0869b28c892795e97e25c3201f4,2021-03-01,57,geography_level_3,d3124b174629399de2f6417e109b3fc3,product_level_2,95feb3e180f99fa2f9908030bc02ac48
718,cfa36cbcfd30a07e46d6c38494c3ff1b,2021-03-01,58,geography_level_3,d3124b174629399de2f6417e109b3fc3,product_level_2,1de8e43efce0cb9161ac2093f75166c8
719,2e1697537caf9cb17d81e49feeb79914,2021-03-01,0,geography_level_3,dc75ce311e342046a8214c195b001b24,product_level_2,1de8e43efce0cb9161ac2093f75166c8
722,2efebc92b2d6af6265d894fcd855e417,2021-03-01,1946,geography_level_3,82d2e641c36d5147fc00ef92eb6eeac9,product_level_2,95feb3e180f99fa2f9908030bc02ac48
723,b51303674ef28106643ad34748e66e5b,2021-03-01,343,geography_level_3,82d2e641c36d5147fc00ef92eb6eeac9,product_level_2,646f301a50470456f3e7793f6b16ca76
724,6ec8c9e84ae181508d1d218723303db1,2021-03-01,174,geography_level_3,82d2e641c36d5147fc00ef92eb6eeac9,product_level_2,f517d6345d758010f5782a62b4dfe69b
725,272e0dafe51e776feb91cd795fea9908,2021-03-01,587,geography_level_3,82d2e641c36d5147fc00ef92eb6eeac9,product_level_2,1de8e43efce0cb9161ac2093f75166c8
726,0b58e3902bcb5b7940af8bbd039e4275,2021-03-01,106,geography_level_3,fcf14a475e65540c7577370bf438b091,product_level_2,646f301a50470456f3e7793f6b16ca76
728,0d30f704a56653b505d7bf04673ae1a6,2021-03-01,599,geography_level_3,e495ef918e04c7e781faefb8dc5e6e40,product_level_2,95feb3e180f99fa2f9908030bc02ac48
729,c83371eb7a520fb90e220f83f645d789,2021-03-01,9,geography_level_3,d6413663cb130f6cd1fda4a90fbbbd8f,product_level_2,95feb3e180f99fa2f9908030bc02ac48
731,83bdf03890f543cc0732eb0fa80fb9e0,2021-03-01,4,geography_level_3,d6413663cb130f6cd1fda4a90fbbbd8f,product_level_2,1de8e43efce0cb9161ac2093f75166c8
732,15e27721c2e99e7897d613a5f281a92c,2021-03-01,19,geography_level_3,d6413663cb130f6cd1fda4a90fbbbd8f,product_level_2,646f301a50470456f3e7793f6b16ca76
733,ec6f040397cda49167cfe917f7a0e029,2021-03-01,32,geography_level_3,8c0f4757e1ff757e22a3eb96948a8868,product_level_2,95feb3e180f99fa2f9908030bc02ac48
735,247701c915f0a83f5bba357cf59437ae,2021-03-01,812,geography_level_3,52b9c00ab15c967f2f49c5605800fef5,product_level_2,95feb3e180f99fa2f9908030bc02ac48
736,c1a4cd2f572f10d682cb3966a417d46f,2021-03-01,227,geography_level_3,52b9c00ab15c967f2f49c5605800fef5,product_level_2,646f301a50470456f3e7793f6b16ca76
739,9285d8a8bdc0d776adb60c16ef1e0fb1,2021-03-01,974,geography_level_3,af04e3e5da488f5ca9b5d1d4ce04ebaa,product_level_2,95feb3e180f99fa2f9908030bc02ac48
740,2915c6fb8ae822bb89e8a80dc4076723,2021-03-01,258,geography_level_3,af04e3e5da488f5ca9b5d1d4ce04ebaa,product_level_2,646f301a50470456f3e7793f6b16ca76
741,847c4f044a1bd166abe1a47adc9eca6f,2021-03-01,70,geography_level_3,af04e3e5da488f5ca9b5d1d4ce04ebaa,product_level_2,f517d6345d758010f5782a62b4dfe69b
743,bd6034489031b0d580c7f80115964091,2021-03-01,1016,geography_level_3,50cebc1429231eda4384a84ca4deb751,product_level_2,95feb3e180f99fa2f9908030bc02ac48
744,7f0c59c03971558543ddcee83499747b,2021-03-01,388,geography_level_3,50cebc1429231eda4384a84ca4deb751,product_level_2,646f301a50470456f3e7793f6b16ca76
745,81b466e0b964bba24066fb9a4148bf7a,2021-03-01,119,geography_level_3,50cebc1429231eda4384a84ca4deb751,product_level_2,1de8e43efce0cb9161ac2093f75166c8
747,98fec36951b8d8c664a465caf80c5465,2021-03-01,2,geography_level_3,8c0f4757e1ff757e22a3eb96948a8868,product_level_2,1de8e43efce0cb9161ac2093f75166c8
748,0d778a5d96b8e84ff6c4650ca4741814,2021-03-01,23,geography_level_3,52b9c00ab15c967f2f49c5605800fef5,product_level_2,95feb3e180f99fa2f9908030bc02ac48
751,f6031ccf9ad7b7a197c45617ef925cb6,2021-03-01,30,geography_level_3,af04e3e5da488f5ca9b5d1d4ce04ebaa,product_level_2,95feb3e180f99fa2f9908030bc02ac48
752,eb4e717140f6e0b381617329703e1c63,2021-03-01,8,geography_level_3,af04e3e5da488f5ca9b5d1d4ce04ebaa,product_level_2,646f301a50470456f3e7793f6b16ca76
755,4cc3b4484538964340d33e23cae29dc5,2021-03-01,835,geography_level_3,11407e1f167b84f374d9e999a1ed9563,product_level_2,95feb3e180f99fa2f9908030bc02ac48
756,8d7b8b89034cdcbe0376fedfb8c51ab3,2021-03-01,235,geography_level_3,11407e1f167b84f374d9e999a1ed9563,product_level_2,646f301a50470456f3e7793f6b16ca76
760,1660bf57c9b846e922644ba3ead6e291,2021-03-01,79,geography_level_3,7ac6047d36cb2b463fc6b483cc32da60,product_level_2,646f301a50470456f3e7793f6b16ca76
761,4556bd4441677efbdbd9d206bc1257d3,2021-03-01,13,geography_level_3,7ac6047d36cb2b463fc6b483cc32da60,product_level_2,1de8e43efce0cb9161ac2093f75166c8
763,d3220c3430f72d591e90d0d62334c0e4,2021-03-01,9,geography_level_3,94fa0f35673c82f74ce21ee9a42dbe9e,product_level_2,646f301a50470456f3e7793f6b16ca76
764,9c2ec654ef4a1e9adb75283694886db8,2021-03-01,3,geography_level_3,94fa0f35673c82f74ce21ee9a42dbe9e,product_level_2,1de8e43efce0cb9161ac2093f75166c8
765,4058812501b4d775c1b9f96ef510f35d,2021-03-01,43,geography_level_3,239f3643e0162a369985140f011d43d3,product_level_2,95feb3e180f99fa2f9908030bc02ac48
766,93a07659733deadb18e2dbfc9f8709ac,2021-03-01,16,geography_level_3,239f3643e0162a369985140f011d43d3,product_level_2,646f301a50470456f3e7793f6b16ca76
767,9dda2eb0591703c6d6c998b870ee9a27,2021-03-01,11,geography_level_3,c704db10d5ccedf4d993d7456278332f,product_level_2,95feb3e180f99fa2f9908030bc02ac48
768,0e627ddf0d4d009fa9b35f0f951963c3,2021-03-01,5,geography_level_3,c704db10d5ccedf4d993d7456278332f,product_level_2,646f301a50470456f3e7793f6b16ca76
769,ca7d84670a90d845578e07f12debc242,2021-03-01,4,geography_level_3,c704db10d5ccedf4d993d7456278332f,product_level_2,1de8e43efce0cb9161ac2093f75166c8
770,86bf64036f9cb4aed9de50ac918cca8a,2021-03-01,18,geography_level_3,a26a472b755b975cfe0923c243d3b10a,product_level_2,95feb3e180f99fa2f9908030bc02ac48
771,f3b0e0b2dd1d244f0db4a6f093bc75bd,2021-03-01,8,geography_level_3,a26a472b755b975cfe0923c243d3b10a,product_level_2,646f301a50470456f3e7793f6b16ca76
772,b5c6c501aa0f5f34d63fbc6259cd4056,2021-03-01,27,geography_level_3,e37d1fd37c8c4988c46b5152e0d6087d,product_level_2,95feb3e180f99fa2f9908030bc02ac48
773,34848edd8585c1cd5ec7e11b81092881,2021-03-01,8,geography_level_3,e37d1fd37c8c4988c46b5152e0d6087d,product_level_2,646f301a50470456f3e7793f6b16ca76
776,a5b46ef9137efa1eaf61519475374f98,2021-03-01,19,geography_level_3,70b35aead2dac30735d3e5897b287d03,product_level_2,646f301a50470456f3e7793f6b16ca76
779,42388ec867ea623c300d4088253db5e0,2021-03-01,12,geography_level_3,3682d07276ccce42b942a83cd8645c34,product_level_2,1de8e43efce0cb9161ac2093f75166c8
780,edf5c42a79e2038664545714221a58db,2021-03-01,188,geography_level_3,ec258532d911270434f328606cba61b6,product_level_2,1de8e43efce0cb9161ac2093f75166c8
781,56c3f798792457377172c6be77270672,2021-03-01,73,geography_level_3,0b41e006d801550cba4c38157729bf87,product_level_2,95feb3e180f99fa2f9908030bc02ac48
784,097c1243265d86a943f57e9ce9388396,2021-03-01,57,geography_level_3,3d5d1635712ad6bffe1b82e9d34b1c24,product_level_2,95feb3e180f99fa2f9908030bc02ac48
785,66d18074aa4d6a900155131c60728b86,2021-03-01,355,geography_level_3,dd45118031e9d2daafadd23195d04899,product_level_2,95feb3e180f99fa2f9908030bc02ac48
786,aecdb37da1ba22c6d9c41a8eaa3ec5d7,2021-03-01,19,geography_level_3,11407e1f167b84f374d9e999a1ed9563,product_level_2,646f301a50470456f3e7793f6b16ca76
787,a84beba8ac7fae6d206072e9b8d44471,2021-03-01,15,geography_level_3,11407e1f167b84f374d9e999a1ed9563,product_level_2,1de8e43efce0cb9161ac2093f75166c8
788,77c89d1055313191b7847238ae3df9df,2021-03-01,675,geography_level_3,c22caf17e6d3e86f4ac0d7a603a4d5a6,product_level_2,95feb3e180f99fa2f9908030bc02ac48
789,643c35dea3b4574d3fb98e283967a915,2021-03-01,142,geography_level_3,c22caf17e6d3e86f4ac0d7a603a4d5a6,product_level_2,646f301a50470456f3e7793f6b16ca76
791,388744eae278a9988a6f4b950068cdef,2021-03-01,55,geography_level_3,c22caf17e6d3e86f4ac0d7a603a4d5a6,product_level_2,1de8e43efce0cb9161ac2093f75166c8
793,6753297bd6aa3d9773e2a3ca36986cf4,2021-03-01,209,geography_level_3,22ec2860549baef5c3e9af46967a3e1d,product_level_2,646f301a50470456f3e7793f6b16ca76
794,e13fff4fac1c0fc7feff465c58dd72da,2021-03-01,175,geography_level_3,46cf2a1545bea6ad9ef79bf82866b21f,product_level_2,95feb3e180f99fa2f9908030bc02ac48
795,69bf0a8bf793632efe492eb6be2d202c,2021-03-01,27,geography_level_3,46cf2a1545bea6ad9ef79bf82866b21f,product_level_2,646f301a50470456f3e7793f6b16ca76
796,631597a951c8f8fab1f451761351aee6,2021-03-01,1711,geography_level_3,60de5fa40aaaf2850711bc5269f91476,product_level_2,95feb3e180f99fa2f9908030bc02ac48
797,c64c7c6ba0bff9f8aa3654792cbf1000,2021-03-01,330,geography_level_3,60de5fa40aaaf2850711bc5269f91476,product_level_2,646f301a50470456f3e7793f6b16ca76
798,c890028862f314c9a5f2ad7b21e77af1,2021-03-01,25,geography_level_3,8e58413f8ca86692a0a01f8b5679fdac,product_level_2,1de8e43efce0cb9161ac2093f75166c8
799,10de1d29ba5fa5ebd390733ce5b198b7,2021-03-01,19,geography_level_3,60de5fa40aaaf2850711bc5269f91476,product_level_2,646f301a50470456f3e7793f6b16ca76
800,e348992e3c150e9e7c3c2f02fae1ae6b,2021-03-01,45,geography_level_3,8652ef40368d8de0746739c712bb981c,product_level_2,646f301a50470456f3e7793f6b16ca76
801,4061b66d9294c4ca8eb43de833d7e93a,2021-03-01,554,geography_level_3,b0f0cadb4f9b07e6b365c9eaaa5eb561,product_level_2,95feb3e180f99fa2f9908030bc02ac48
802,6d410c5455b1bc6524bc3b6cdfbc7515,2021-03-01,113,geography_level_3,b0f0cadb4f9b07e6b365c9eaaa5eb561,product_level_2,646f301a50470456f3e7793f6b16ca76
803,6c378a2ab8ef0960043b4eca929c2496,2021-03-01,1444,geography_level_3,147c62a8f5acb0899e59893e821eb619,product_level_2,95feb3e180f99fa2f9908030bc02ac48
804,e56491c981fc437d9e9346ebf792f1fc,2021-03-01,243,geography_level_3,147c62a8f5acb0899e59893e821eb619,product_level_2,646f301a50470456f3e7793f6b16ca76
805,5933aa2d37b7883845228eb5d99b1eb2,2021-03-01,118,geography_level_3,147c62a8f5acb0899e59893e821eb619,product_level_2,1de8e43efce0cb9161ac2093f75166c8
806,3cb09aa2867083c66b76dc839e6ba123,2021-03-01,973,geography_level_3,55704d1433a3abadfcbdd5b0befae53b,product_level_2,95feb3e180f99fa2f9908030bc02ac48
807,fc5f6ff0db2d802567479263c9fe6596,2021-03-01,501,geography_level_3,55704d1433a3abadfcbdd5b0befae53b,product_level_2,646f301a50470456f3e7793f6b16ca76
808,c7e1d453a77f6e8fdeab3d3fc33f33e8,2021-03-01,365,geography_level_3,dd45118031e9d2daafadd23195d04899,product_level_2,95feb3e180f99fa2f9908030bc02ac48
809,4f1f41887af256ba7f9b33ecd931a8e4,2021-03-01,289,geography_level_3,dd45118031e9d2daafadd23195d04899,product_level_2,646f301a50470456f3e7793f6b16ca76
810,9f637795636b60766d28b91b68286a47,2021-03-01,272,geography_level_3,dd45118031e9d2daafadd23195d04899,product_level_2,1de8e43efce0cb9161ac2093f75166c8
811,e1611510f18bb6b19cee4ccb4cdfb4ae,2021-03-01,88,geography_level_3,8652ef40368d8de0746739c712bb981c,product_level_2,95feb3e180f99fa2f9908030bc02ac48
812,be3aee91b31d8c0350a2f0ed2d21b9a3,2021-03-01,17,geography_level_3,8e58413f8ca86692a0a01f8b5679fdac,product_level_2,95feb3e180f99fa2f9908030bc02ac48
813,6f6eabb1f2f8a416a97895fe77af056a,2021-03-01,141,geography_level_3,55704d1433a3abadfcbdd5b0befae53b,product_level_2,1de8e43efce0cb9161ac2093f75166c8
815,5bb6afc266af6c27230b39a0ceaa4214,2021-03-01,121,geography_level_3,5f82497e6ba74177eacda9f48d2ebb8f,product_level_2,646f301a50470456f3e7793f6b16ca76
821,c36d9c12341e6e17a35135144ddafbcd,2021-03-01,0,geography_level_3,638740660afce16701f96984d44233b4,product_level_2,95feb3e180f99fa2f9908030bc02ac48
822,03e2603c3134f61842a393a960693aff,2021-03-01,0,geography_level_3,638740660afce16701f96984d44233b4,product_level_2,1de8e43efce0cb9161ac2093f75166c8
823,18704104c9e80799bce3abe2b459983d,2021-03-01,60,geography_level_3,3a92f7ae76a6fe0824809133ca8ff142,product_level_2,95feb3e180f99fa2f9908030bc02ac48
824,3c5cff5898251bd3f4a1075846b9bd14,2021-03-01,185,geography_level_3,fbf4f8e80be389076fedf861004c733f,product_level_2,1de8e43efce0cb9161ac2093f75166c8
825,e4b59f6d861731fcb9c997d9c045e13d,2021-03-01,288,geography_level_3,fbf4f8e80be389076fedf861004c733f,product_level_2,95feb3e180f99fa2f9908030bc02ac48
827,6b011bde2894cfb435fd674f94359c84,2021-03-01,124,geography_level_3,fbf4f8e80be389076fedf861004c733f,product_level_2,1de8e43efce0cb9161ac2093f75166c8
830,0c8992ca4747fe66ead82293b80dee32,2021-03-01,158,geography_level_3,f970e15b948f3259a5a7feeae1565e1b,product_level_2,646f301a50470456f3e7793f6b16ca76
832,10e7553e56ae54214ec99d4693e7d227,2021-03-01,1436,geography_level_3,e77875a9e01c74e943c9ed3c346d1034,product_level_2,95feb3e180f99fa2f9908030bc02ac48
833,2b6727d2f255fe82d76f3e195c08cd89,2021-03-01,228,geography_level_3,e77875a9e01c74e943c9ed3c346d1034,product_level_2,646f301a50470456f3e7793f6b16ca76
836,e2bd1cf55c85046cb716f27ac20cf7a9,2021-03-01,80,geography_level_3,e77875a9e01c74e943c9ed3c346d1034,product_level_2,1de8e43efce0cb9161ac2093f75166c8
837,8ccf1c02bb050cb3fc4f13789cdfe235,2021-03-01,0,geography_level_3,638740660afce16701f96984d44233b4,product_level_2,f517d6345d758010f5782a62b4dfe69b
838,25bef70232924564d082fb5acb0b4262,2021-03-01,5,geography_level_3,e77875a9e01c74e943c9ed3c346d1034,product_level_2,95feb3e180f99fa2f9908030bc02ac48
840,5cc14e5529230cb1409e66ec896d1d02,2021-03-01,89,geography_level_3,b55d6f976871ef58e585e8c25f3689e7,product_level_2,1de8e43efce0cb9161ac2093f75166c8
841,c219499d9ff5f996b402914d1581d99b,2021-03-01,155,geography_level_3,b55d6f976871ef58e585e8c25f3689e7,product_level_2,646f301a50470456f3e7793f6b16ca76
843,1209f179cd0163fef707b612091b772f,2021-03-01,798,geography_level_3,ec258532d911270434f328606cba61b6,product_level_2,1de8e43efce0cb9161ac2093f75166c8
844,dcdd4dc16e6e1d33be9a490b5fdc6c24,2021-03-01,21,geography_level_3,4e29298af61683b28df48f81d9798f55,product_level_2,95feb3e180f99fa2f9908030bc02ac48
845,83ecf5b6afac9898bd430eb7800f9a70,2021-03-01,42,geography_level_3,ec258532d911270434f328606cba61b6,product_level_2,646f301a50470456f3e7793f6b16ca76
848,9c1da4fb74f1ba23ed694225e7b623a0,2021-03-01,6,geography_level_3,8bffa7eb4c165b3fc8fbcdcc7d5e25ff,product_level_2,95feb3e180f99fa2f9908030bc02ac48
852,fbb83aefc6f5d6f6bc22ae3ee757d327,2021-03-01,2,geography_level_3,8b2bbea7dd24f1427bd37e74936047c7,product_level_2,646f301a50470456f3e7793f6b16ca76
853,ec6ca57a9ab96da37b77f5cfd7ce6c8e,2021-03-01,21,geography_level_3,8b2bbea7dd24f1427bd37e74936047c7,product_level_2,1de8e43efce0cb9161ac2093f75166c8
854,36bea3b16e36536f0816d40f6ef75f6e,2021-03-01,4,geography_level_3,f05fa82955925441f3a4c9d7092fa5f5,product_level_2,95feb3e180f99fa2f9908030bc02ac48
855,68abaebc901040cddbb254f5b0ed5704,2021-03-01,7,geography_level_3,e77875a9e01c74e943c9ed3c346d1034,product_level_2,646f301a50470456f3e7793f6b16ca76
856,1a160b7cc9cb8269379d2531051733a7,2021-03-01,0,geography_level_3,f05fa82955925441f3a4c9d7092fa5f5,product_level_2,646f301a50470456f3e7793f6b16ca76
859,26098db7d7f9fd0c659233efd0ed4090,2021-03-01,2,geography_level_3,a8047d24376e2ce5c62663d435629812,product_level_2,646f301a50470456f3e7793f6b16ca76
860,cfacc893c2abb6b165279cdec6d78a0d,2021-03-01,28,geography_level_3,36ab7b000da26b0547bfc3c3fdf143dc,product_level_2,95feb3e180f99fa2f9908030bc02ac48
863,1996372c6ab5cdfdae090645bb3b31ee,2021-03-01,960,geography_level_3,f05fa82955925441f3a4c9d7092fa5f5,product_level_2,95feb3e180f99fa2f9908030bc02ac48
864,6e48f446f946cf307ad8eb48bee358dc,2021-03-01,188,geography_level_3,f05fa82955925441f3a4c9d7092fa5f5,product_level_2,646f301a50470456f3e7793f6b16ca76
865,2aa0a69e9630a8c74bb67c5f779f657b,2021-03-01,103,geography_level_3,f05fa82955925441f3a4c9d7092fa5f5,product_level_2,f517d6345d758010f5782a62b4dfe69b
866,9a50c397a6967218a93fb31742e8c7b0,2021-03-01,337,geography_level_3,f05fa82955925441f3a4c9d7092fa5f5,product_level_2,1de8e43efce0cb9161ac2093f75166c8
867,76608a36ab68e3da5d6dd4c248707b11,2021-03-01,100,geography_level_3,f05fa82955925441f3a4c9d7092fa5f5,product_level_2,95feb3e180f99fa2f9908030bc02ac48
870,7cf777c8df3b1e2be1029be69781638b,2021-03-01,1,geography_level_3,e77875a9e01c74e943c9ed3c346d1034,product_level_2,1de8e43efce0cb9161ac2093f75166c8
871,56862dbf28a0e3a83a86370e2dcb14ac,2021-03-01,20,geography_level_3,143c7c36a05254135b45911c609d8c78,product_level_2,95feb3e180f99fa2f9908030bc02ac48
872,cc09e06b1d1795139a5bc50737abe813,2021-03-01,6,geography_level_3,364ee4866c1e0b8c66a5c82e52d49a41,product_level_2,646f301a50470456f3e7793f6b16ca76
874,1bfbefa22e0e641366673df7f3977278,2021-03-01,0,geography_level_3,d3124b174629399de2f6417e109b3fc3,product_level_2,1de8e43efce0cb9161ac2093f75166c8
875,4bb34c81e2f471f8d42be39535b60f65,2021-03-01,4,geography_level_3,11407e1f167b84f374d9e999a1ed9563,product_level_2,95feb3e180f99fa2f9908030bc02ac48
876,c33ea1a813aed8ea5c19733d0729843d,2021-03-01,1,geography_level_3,11407e1f167b84f374d9e999a1ed9563,product_level_2,646f301a50470456f3e7793f6b16ca76
877,9c399dc5951eb63ee49e0d9ae1320610,2021-03-01,157,geography_level_3,c22caf17e6d3e86f4ac0d7a603a4d5a6,product_level_2,95feb3e180f99fa2f9908030bc02ac48
878,c2413031482376d9b6bc2b194f39df59,2021-03-01,117,geography_level_3,c22caf17e6d3e86f4ac0d7a603a4d5a6,product_level_2,646f301a50470456f3e7793f6b16ca76
880,58e44b4cba641784bc4819945d120bb9,2021-03-01,46,geography_level_3,22ec2860549baef5c3e9af46967a3e1d,product_level_2,646f301a50470456f3e7793f6b16ca76
881,92f4e2c4019278537f47b437ccb3ced1,2021-03-01,19,geography_level_3,41663e93e55703c58896da4fee0edb9d,product_level_2,95feb3e180f99fa2f9908030bc02ac48
882,137c81f4d5b0872b8f71674416bdaaa6,2021-03-01,8,geography_level_3,41663e93e55703c58896da4fee0edb9d,product_level_2,1de8e43efce0cb9161ac2093f75166c8
884,754343952ad1589f2c81da0b6c0ed72d,2021-03-01,14,geography_level_3,098256d91571e71ac0b656eb75d4b5f4,product_level_2,646f301a50470456f3e7793f6b16ca76
886,c185032995df20b0c9ef9ae52dd95ccb,2021-03-01,20,geography_level_3,098256d91571e71ac0b656eb75d4b5f4,product_level_2,1de8e43efce0cb9161ac2093f75166c8
887,b98d1ad0702d9a38667ab8e15c342126,2021-03-01,137,geography_level_3,71c115abc5c045dfea887565abcfcf04,product_level_2,646f301a50470456f3e7793f6b16ca76
888,4619667ca746997c78bbca317d548a0b,2021-03-01,14,geography_level_3,d88fe8bab1fa287362c5b0d7ba13de48,product_level_2,95feb3e180f99fa2f9908030bc02ac48
889,7e0e743bd2b3b7b57051e8b8e86ce017,2021-03-01,8,geography_level_3,d88fe8bab1fa287362c5b0d7ba13de48,product_level_2,1de8e43efce0cb9161ac2093f75166c8
890,0c22aea5f49c1f70b9acb36867571b86,2021-03-01,671,geography_level_3,b0597a38e8a1100ec75120dddcb61f01,product_level_2,95feb3e180f99fa2f9908030bc02ac48
892,c01b430b575074f0850d1fd869fd4b31,2021-03-01,99,geography_level_3,b0597a38e8a1100ec75120dddcb61f01,product_level_2,1de8e43efce0cb9161ac2093f75166c8
893,1392eb9f54a6eedd5a06348f318f3f99,2021-03-01,666,geography_level_3,79fd843dc0fb0d570ec0f9415cbc989d,product_level_2,95feb3e180f99fa2f9908030bc02ac48
894,8bec90bc3c8a08698ab341653aaac80a,2021-03-01,189,geography_level_3,79fd843dc0fb0d570ec0f9415cbc989d,product_level_2,646f301a50470456f3e7793f6b16ca76
895,edaeb9a9649e135506d62dd348c62c5c,2021-03-01,7,geography_level_3,364ee4866c1e0b8c66a5c82e52d49a41,product_level_2,95feb3e180f99fa2f9908030bc02ac48
896,5297c806230b638ba013a37209d6a6fd,2021-03-01,16,geography_level_3,8e58413f8ca86692a0a01f8b5679fdac,product_level_2,646f301a50470456f3e7793f6b16ca76
897,e89a2bcf96b321dab87708452378d57e,2021-03-01,86,geography_level_3,79fd843dc0fb0d570ec0f9415cbc989d,product_level_2,1de8e43efce0cb9161ac2093f75166c8
898,cef7c7ac469312f9f6900f2854cd08b6,2021-03-01,32,geography_level_3,8e58413f8ca86692a0a01f8b5679fdac,product_level_2,95feb3e180f99fa2f9908030bc02ac48
899,9beae2d781118f271a4180410bbfae99,2021-03-01,337,geography_level_3,71c115abc5c045dfea887565abcfcf04,product_level_2,95feb3e180f99fa2f9908030bc02ac48
900,11d7fb426a88cf859a8dfd4be2309854,2021-03-01,677,geography_level_3,4106271eb9e60b9c01d4213e41f09e1d,product_level_2,95feb3e180f99fa2f9908030bc02ac48
901,54723c8eea4b2ec11ace4f60962432be,2021-03-01,23,geography_level_3,71c115abc5c045dfea887565abcfcf04,product_level_2,1de8e43efce0cb9161ac2093f75166c8
902,ff6e04e908968e94f38e84df2987a95a,2021-03-01,119,geography_level_3,3d967bd11c42cd595c050d8cb626f3d6,product_level_2,646f301a50470456f3e7793f6b16ca76
903,55bdfe8ff6b539862030806125358cc2,2021-03-01,8,geography_level_3,39a8345be72b8ff2f30e29dc836d7e12,product_level_2,646f301a50470456f3e7793f6b16ca76
904,3de10061eef77be3a89957ec0a321264,2021-03-01,27,geography_level_3,39a8345be72b8ff2f30e29dc836d7e12,product_level_2,95feb3e180f99fa2f9908030bc02ac48
907,13f9cb2ec3a36295c0242ad4ecdbd558,2021-03-01,25,geography_level_3,ac17865ba94b6a06b53466188fc4e446,product_level_2,95feb3e180f99fa2f9908030bc02ac48
908,bcf128f7b42c74435f20505608f7084c,2021-03-01,6,geography_level_3,ac17865ba94b6a06b53466188fc4e446,product_level_2,646f301a50470456f3e7793f6b16ca76
910,9caabc73c55b3431509b8e965a92674a,2021-03-01,129,geography_level_3,364ee4866c1e0b8c66a5c82e52d49a41,product_level_2,1de8e43efce0cb9161ac2093f75166c8
911,db6bbc3773d2ff7bfd22eec53f812023,2021-03-01,765,geography_level_3,07a477a6ed5cbdba0e1eb3f497960e8f,product_level_2,95feb3e180f99fa2f9908030bc02ac48
912,ba6c2a3277c2620d5b7ba76e3a1038d5,2021-03-01,283,geography_level_3,07a477a6ed5cbdba0e1eb3f497960e8f,product_level_2,646f301a50470456f3e7793f6b16ca76
913,3311ec64604741a914e0441c731dde71,2021-03-01,18,geography_level_3,07a477a6ed5cbdba0e1eb3f497960e8f,product_level_2,f517d6345d758010f5782a62b4dfe69b
914,63d40acb25b6c0727e769bccf182af29,2021-03-01,255,geography_level_3,07a477a6ed5cbdba0e1eb3f497960e8f,product_level_2,1de8e43efce0cb9161ac2093f75166c8
915,472e48ea34d5d7f5eadbbd8a9b8f76af,2021-03-01,377,geography_level_3,9363300bfece4e2faac6330570a2f7b6,product_level_2,95feb3e180f99fa2f9908030bc02ac48
916,f2365302d3469980967424b86bd1b114,2021-03-01,177,geography_level_3,364ee4866c1e0b8c66a5c82e52d49a41,product_level_2,646f301a50470456f3e7793f6b16ca76
921,ae69d4128357429b5f61b1419bed3d59,2021-03-01,93,geography_level_3,d3d107b6fe93bf6ed02cf207de4bce75,product_level_2,1de8e43efce0cb9161ac2093f75166c8
922,5a78fab4c4c6e747b085c82a4e611080,2021-03-01,6,geography_level_3,d3d107b6fe93bf6ed02cf207de4bce75,product_level_2,646f301a50470456f3e7793f6b16ca76
923,3a0de5de9c429f10b5d3156398cfc8fd,2021-03-01,1346,geography_level_3,d3d107b6fe93bf6ed02cf207de4bce75,product_level_2,95feb3e180f99fa2f9908030bc02ac48
924,bfb492baf9b8e7687191f1c36e054f79,2021-03-01,32,geography_level_3,ac17865ba94b6a06b53466188fc4e446,product_level_2,646f301a50470456f3e7793f6b16ca76
925,6860a9c84bad3ab0d3a3a9c54325830d,2021-03-01,330,geography_level_3,d3d107b6fe93bf6ed02cf207de4bce75,product_level_2,646f301a50470456f3e7793f6b16ca76
926,defbc7170c83439cac665e5cede0bbc4,2021-03-01,424,geography_level_3,3d967bd11c42cd595c050d8cb626f3d6,product_level_2,95feb3e180f99fa2f9908030bc02ac48
