product_level_1,product_level_2
2eb2930111864beeb409e946751215b1,ba569a9ecbaa99645f9baf060d5061e7
2eb2930111864beeb409e946751215b1,579cf4cbf3d63c78deffc623c0de643f
2eb2930111864beeb409e946751215b1,93a97f63f0a573483d49c58dc02c1341
2eb2930111864beeb409e946751215b1,6c46c9c5d3ef936b4c8d6d8f9851e837
2eb2930111864beeb409e946751215b1,45fe7a01980958e559fa0473c20c8c58
2eb2930111864beeb409e946751215b1,1807ffa2c1c84035f4346c3364104dd1
2eb2930111864beeb409e946751215b1,db9e166331f89037c1b3590adfaa18d4
2eb2930111864beeb409e946751215b1,450a7d37ed3260ce3e9ea79cc40f11a5
2eb2930111864beeb409e946751215b1,814119e4a116199cf494768f31987158
2eb2930111864beeb409e946751215b1,3241cf89eaf210f13321fe6280c7d172
2eb2930111864beeb409e946751215b1,a95738cb3a3c4236b858683b406dea98
75688b0220ad16c4e02152b6c2b56424,1de8e43efce0cb9161ac2093f75166c8
75688b0220ad16c4e02152b6c2b56424,646f301a50470456f3e7793f6b16ca76
75688b0220ad16c4e02152b6c2b56424,95feb3e180f99fa2f9908030bc02ac48
75688b0220ad16c4e02152b6c2b56424,f517d6345d758010f5782a62b4dfe69b
3696441120a402f793a704766540e69e,5cc8015f03554313900f069182bdaf9c
3696441120a402f793a704766540e69e,ae7d2d22786beebc5981b93c226e2aba
b64343042e19b42fcbf7f2ed285dc67d,be55b932f63b0feda2a190154290d4aa
b64343042e19b42fcbf7f2ed285dc67d,b04c1602cb78c1c4cf72dd7c0ce7d837
